{
	"camera_data":
	{
		"location_worldframe": [ -58.153598785400391, -244.43739318847656, 196.52960205078125 ],
		"quaternion_xyzw_worldframe": [ -0.40149998664855957, 0.22229999303817749, 0.77719998359680176, 0.43040001392364502 ]
	},
	"objects": [
		{
			"class": "035_power_drill_16k",
			"visibility": 0.80769997835159302,
			"location": [ -1.2380000352859497, 6.2178997993469238, 98.017601013183594 ],
			"quaternion_xyzw": [ 0.28700000047683716, -0.23430000245571136, -0.17759999632835388, 0.91170001029968262 ],
			"pose_transform_permuted": [
				[ -0.52910000085830688, -0.44010001420974731, 0.72549998760223389, 0 ],
				[ 0.82709997892379761, -0.45829999446868896, 0.32519999146461487, 0 ],
				[ -0.18940000236034393, -0.77219998836517334, -0.60650002956390381, 0 ],
				[ -1.2380000352859497, 6.2178997993469238, 98.017601013183594, 1 ]
			],
			"cuboid_centroid": [ -1.2381000518798828, 6.2178997993469238, 98.017601013183594 ],
			"projected_cuboid_centroid": [ 470.29730224609375, 318.72940063476563 ],
			"bounding_box":
			{
				"top_left": [ 227.19650268554688, 388.56039428710938 ],
				"bottom_right": [ 395.98818969726563, 541.9105224609375 ]
			},
			"cuboid": [
				[ 3.1041998863220215, -6.4790000915527344, 97.424400329589844 ],
				[ -12.145099639892578, 1.9706000089645386, 91.428497314453125 ],
				[ -8.6063995361328125, 16.398000717163086, 102.76010131835938 ],
				[ 6.6428999900817871, 7.9484000205993652, 108.75599670410156 ],
				[ 6.1303000450134277, -3.9621999263763428, 93.275100708007813 ],
				[ -9.1190004348754883, 4.4874000549316406, 87.279098510742188 ],
				[ -5.5803999900817871, 18.914800643920898, 98.610702514648438 ],
				[ 9.6689996719360352, 10.465200424194336, 104.60659790039063 ]
			],
			"projected_cuboid": [
				[ 504.47601318359375, 218.91510009765625 ],
				[ 377.95968627929688, 286.55661010742188 ],
				[ 415.66461181640625, 392.57958984375 ],
				[ 526.91998291015625, 326.14059448242188 ],
				[ 530.48577880859375, 237.3695068359375 ],
				[ 399.74148559570313, 309.494384765625 ],
				[ 436.5299072265625, 417.34310913085938 ],
				[ 551.00250244140625, 346.84930419921875 ]
			]
		}
	]
}