{
	"camera_data":
	{
		"location_worldframe": [ -63.239200592041016, -247.62109375, 196.52960205078125 ],
		"quaternion_xyzw_worldframe": [ -0.40149998664855957, 0.22229999303817749, 0.77719998359680176, 0.43040001392364502 ]
	},
	"objects": [
		{
			"class": "035_power_drill_16k",
			"visibility": 0.81819999217987061,
			"location": [ -7.2379999160766602, 6.2178997993469238, 98.017601013183594 ],
			"quaternion_xyzw": [ 0.28700000047683716, -0.23430000245571136, -0.17759999632835388, 0.91170001029968262 ],
			"pose_transform_permuted": [
				[ -0.52910000085830688, -0.44010001420974731, 0.72549998760223389, 0 ],
				[ 0.82709997892379761, -0.45829999446868896, 0.32519999146461487, 0 ],
				[ -0.18940000236034393, -0.77219998836517334, -0.60650002956390381, 0 ],
				[ -7.2379999160766602, 6.2178997993469238, 98.017601013183594, 1 ]
			],
			"cuboid_centroid": [ -7.2381000518798828, 6.2178997993469238, 98.017601013183594 ],
			"projected_cuboid_centroid": [ 423.27560424804688, 318.7296142578125 ],
			"bounding_box":
			{
				"top_left": [ 227.19650268554688, 337.87979125976563 ],
				"bottom_right": [ 395.98831176757813, 497.43740844726563 ]
			},
			"cuboid": [
				[ -2.8958001136779785, -6.4790000915527344, 97.424400329589844 ],
				[ -18.145099639892578, 1.9706000089645386, 91.428497314453125 ],
				[ -14.606399536132813, 16.398000717163086, 102.76010131835938 ],
				[ 0.64289999008178711, 7.9484000205993652, 108.75599670410156 ],
				[ 0.13030000030994415, -3.9621999263763428, 93.275100708007813 ],
				[ -15.119000434875488, 4.4874000549316406, 87.279098510742188 ],
				[ -11.580400466918945, 18.914800643920898, 98.610702514648438 ],
				[ 3.6689999103546143, 10.465200424194336, 104.60659790039063 ]
			],
			"projected_cuboid": [
				[ 457.16799926757813, 218.91520690917969 ],
				[ 327.5491943359375, 286.55670166015625 ],
				[ 370.81298828125, 392.57980346679688 ],
				[ 484.54110717773438, 326.14080810546875 ],
				[ 481.07330322265625, 237.36970520019531 ],
				[ 346.93438720703125, 309.49459838867188 ],
				[ 389.79098510742188, 417.34320068359375 ],
				[ 506.94259643554688, 346.84939575195313 ]
			]
		}
	]
}