{
	"exported_object_classes": [
		"035_power_drill_16k"
	],
	"exported_objects": [
		{
			"class": "035_power_drill_16k",
			"segmentation_class_id": 255,
			"fixed_model_transform": [
				[ 99.923896789550781, 1.7452000379562378, -3.4893999099731445, 0 ],
				[ 1.6521999835968018, -99.95050048828125, -2.6770000457763672, 0 ],
				[ -3.5343999862670898, 2.6173000335693359, -99.9031982421875, 0 ],
				[ 4.5402998924255371, 1.1200000047683716, 2.2990999221801758, 1 ]
			],
			"cuboid_dimensions": [ 18.436100006103516, 18.683599472045898, 5.7192001342773438 ]
		}
	]
}