{
	"camera_data":
	{
		"location_worldframe": [ 0, 0, 0 ],
		"quaternion_xyzw_worldframe": [ -0.00139999995008111, -0.060899998992681503, -0.022199999541044235, 0.99790000915527344 ]
	},
	"objects": [
		{
			"class": "obj3",
			"instance_id": 0,
			"visibility": 1,
			"location": [ 0, 0, 11.51930046081543 ],
			"quaternion_xyzw": [ 0.54850000143051147, 0.56999999284744263, 0.50029999017715454, -0.35190001130104065 ],
			"pose_transform": [
				[ 0.1476999968290329, 0.95649999380111694, -0.2515999972820282, 0 ],
				[ -0.15049999952316284, 0.27320000529289246, 0.95010000467300415, 0 ],
				[ -0.97750002145767212, 0.10239999741315842, -0.1843000054359436, 0 ],
				[ 0, 0, 11.51930046081543, 1 ]
			],
			"cuboid_centroid": [ 0.17299999296665192, 0.076899997889995575, 11.976799964904785 ],
			"projected_cuboid_centroid": [ 649.24420166015625, 364.11099243164063 ],
			"bounding_box":
			{
				"top_left": [ 245.31889343261719, 530.91400146484375 ],
				"bottom_right": [ 477.67849731445313, 793.24139404296875 ]
			},
			"cuboid": [
				[ -1.6270999908447266, 2.2818000316619873, 12.495499610900879 ],
				[ -1.2158000469207764, 1.5353000164031982, 9.8994998931884766 ],
				[ 2.4788000583648682, 1.1483000516891479, 10.596199989318848 ],
				[ 2.067500114440918, 1.8947000503540039, 13.19219970703125 ],
				[ -2.1328001022338867, -0.9944000244140625, 13.357399940490723 ],
				[ -1.721500039100647, -1.7409000396728516, 10.761500358581543 ],
				[ 1.9730000495910645, -2.1278998851776123, 11.458100318908691 ],
				[ 1.5616999864578247, -1.3813999891281128, 14.054100036621094 ]
			],
			"projected_cuboid": [
				[ 556.66510009765625, 476.8682861328125 ],
				[ 561.402099609375, 459.25680541992188 ],
				[ 789.71551513671875, 429.3546142578125 ],
				[ 740.30078125, 451.9202880859375 ],
				[ 537.81121826171875, 312.3544921875 ],
				[ 537.62060546875, 256.46810913085938 ],
				[ 750.2052001953125, 241.14450073242188 ],
				[ 711.11920166015625, 297.0911865234375 ]
			]
		}
	]
}