{
	"camera_data":
	{
		"location_worldframe": [ 1.3407000303268433, 5.8482999801635742, 0 ],
		"quaternion_xyzw_worldframe": [ -0.011300000362098217, -0.099699996411800385, -0.11190000176429749, 0.98860001564025879 ]
	},
	"objects": [
		{
			"class": "obj3",
			"instance_id": 0,
			"visibility": 1,
			"location": [ -6.1859002113342285, -0.35559999942779541, 21.981599807739258 ],
			"quaternion_xyzw": [ -0.82819998264312744, -0.44260001182556152, 0.32210001349449158, -0.1200999990105629 ],
			"pose_transform": [
				[ -0.42730000615119934, -0.48410001397132874, -0.76359999179840088, 0 ],
				[ 0.40070000290870667, 0.65570002794265747, -0.63990002870559692, 0 ],
				[ -0.81050002574920654, 0.57940000295639038, 0.08619999885559082, 0 ],
				[ -6.1859002113342285, -0.35559999942779541, 21.981599807739258, 1 ]
			],
			"cuboid_centroid": [ -5.8078999519348145, -0.20839999616146088, 21.697700500488281 ],
			"projected_cuboid_centroid": [ 640, 360 ],
			"bounding_box":
			{
				"top_left": [ 360, 640 ],
				"bottom_right": [ 360, 640 ]
			},
			"cuboid": [
				[ -7.5237002372741699, 0.95340001583099365, 19.678600311279297 ],
				[ -8.6187000274658203, -0.83819997310638428, 21.426900863647461 ],
				[ -5.5555000305175781, -3.0281000137329102, 21.101200103759766 ],
				[ -4.4605998992919922, -1.2365000247955322, 19.352899551391602 ],
				[ -6.0602998733520508, 2.6113998889923096, 22.294200897216797 ],
				[ -7.1552000045776367, 0.81980001926422119, 24.042499542236328 ],
				[ -4.0921001434326172, -1.3701000213623047, 23.716800689697266 ],
				[ -2.9971001148223877, 0.42149999737739563, 21.968500137329102 ]
			],
			"projected_cuboid": [
				[ 640, 360 ],
				[ 640, 360 ],
				[ 640, 360 ],
				[ 640, 360 ],
				[ 640, 360 ],
				[ 640, 360 ],
				[ 640, 360 ],
				[ 640, 360 ]
			]
		}
	]
}