{
	"camera_data":
	{
		"location_worldframe": [ 1.3199000358581543, 5.8530001640319824, 0 ],
		"quaternion_xyzw_worldframe": [ -0.010900000110268593, -0.097499996423721313, -0.11010000109672546, 0.98909997940063477 ]
	},
	"objects": [
		{
			"class": "obj3",
			"instance_id": 0,
			"visibility": 1,
			"location": [ -5.239799976348877, 1.3130999803543091, 24.342300415039063 ],
			"quaternion_xyzw": [ -0.34639999270439148, 0.52170002460479736, -0.64249998331069946, -0.44170001149177551 ],
			"pose_transform": [
				[ -0.015699999406933784, -0.97630000114440918, 0.21570000052452087, 0 ],
				[ -0.36980000138282776, 0.20610000193119049, 0.90600001811981201, 0 ],
				[ 0.92900002002716064, 0.065600000321865082, 0.36430001258850098, 0 ],
				[ -5.239799976348877, 1.3130999803543091, 24.342300415039063, 1 ]
			],
			"cuboid_centroid": [ -5.6265997886657715, 1.4011000394821167, 24.638599395751953 ],
			"projected_cuboid_centroid": [ 640, 360 ],
			"bounding_box":
			{
				"top_left": [ 360, 640 ],
				"bottom_right": [ 360, 640 ]
			},
			"cuboid": [
				[ -4.4031000137329102, 0.13459999859333038, 26.934099197387695 ],
				[ -3.3926999568939209, -0.428600013256073, 24.458799362182617 ],
				[ -6.9038000106811523, -0.67640000581741333, 23.082000732421875 ],
				[ -7.9141998291015625, -0.11320000141859055, 25.557300567626953 ],
				[ -4.3494000434875488, 3.4786999225616455, 26.195199966430664 ],
				[ -3.3389999866485596, 2.9154999256134033, 23.719900131225586 ],
				[ -6.8499999046325684, 2.6677000522613525, 22.343099594116211 ],
				[ -7.8604998588562012, 3.2309000492095947, 24.818399429321289 ]
			],
			"projected_cuboid": [
				[ 640, 360 ],
				[ 640, 360 ],
				[ 640, 360 ],
				[ 640, 360 ],
				[ 640, 360 ],
				[ 640, 360 ],
				[ 640, 360 ],
				[ 640, 360 ]
			]
		}
	]
}