{
	"camera_data":
	{
		"location_worldframe": [ 1.2583999633789063, 5.8666000366210938, 0 ],
		"quaternion_xyzw_worldframe": [ -0.0092000002041459084, -0.086699999868869781, -0.10509999841451645, 0.99059998989105225 ]
	},
	"objects": [
		{
			"class": "obj3",
			"instance_id": 0,
			"visibility": 1,
			"location": [ -6.4874000549316406, -0.93800002336502075, 21.959800720214844 ],
			"quaternion_xyzw": [ -0.11729999631643295, 0.38449999690055847, -0.87720000743865967, 0.26249998807907104 ],
			"pose_transform": [
				[ 0.40759998559951782, -0.6129000186920166, 0.67690002918243408, 0 ],
				[ -0.83469998836517334, -0.55070000886917114, 0.0038999998942017555, 0 ],
				[ -0.37040001153945923, 0.56660002470016479, 0.73610001802444458, 0 ],
				[ -6.4874000549316406, -0.93800002336502075, 21.959800720214844, 1 ]
			],
			"cuboid_centroid": [ -6.7616000175476074, -1.3039000034332275, 21.769899368286133 ],
			"projected_cuboid_centroid": [ 640, 360 ],
			"bounding_box":
			{
				"top_left": [ 360, 640 ],
				"bottom_right": [ 360, 640 ]
			},
			"cuboid": [
				[ -7.9036998748779297, -2.0353000164031982, 24.32550048828125 ],
				[ -5.6230998039245605, -0.53049999475479126, 24.314800262451172 ],
				[ -4.2232999801635742, -2.6719000339508057, 21.532800674438477 ],
				[ -6.5039000511169434, -4.1767001152038574, 21.543500900268555 ],
				[ -9.2999000549316406, 0.064099997282028198, 22.007099151611328 ],
				[ -7.0192999839782715, 1.5688999891281128, 21.996299743652344 ],
				[ -5.6195001602172852, -0.57249999046325684, 19.214300155639648 ],
				[ -7.9001002311706543, -2.0773000717163086, 19.225099563598633 ]
			],
			"projected_cuboid": [
				[ 640, 360 ],
				[ 640, 360 ],
				[ 640, 360 ],
				[ 640, 360 ],
				[ 640, 360 ],
				[ 640, 360 ],
				[ 640, 360 ],
				[ 640, 360 ]
			]
		}
	]
}