{
	"camera_data":
	{
		"location_worldframe": [ 1.3912999629974365, 5.8365001678466797, 0 ],
		"quaternion_xyzw_worldframe": [ -0.012600000016391277, -0.10760000348091125, -0.11599999666213989, 0.98729997873306274 ]
	},
	"objects": [
		{
			"class": "obj3",
			"instance_id": 0,
			"visibility": 1,
			"location": [ -4.9451999664306641, 1.8114999532699585, 24.299200057983398 ],
			"quaternion_xyzw": [ -0.3449999988079071, 0.51279997825622559, -0.64520001411437988, -0.44909998774528503 ],
			"pose_transform": [
				[ -0.015399999916553497, -0.9715999960899353, 0.23600000143051147, 0 ],
				[ -0.35839998722076416, 0.2257000058889389, 0.90590000152587891, 0 ],
				[ 0.93339997529983521, 0.070600003004074097, 0.35179999470710754, 0 ],
				[ -4.9451999664306641, 1.8114999532699585, 24.299200057983398, 1 ]
			],
			"cuboid_centroid": [ -5.3281998634338379, 1.9067000150680542, 24.598300933837891 ],
			"projected_cuboid_centroid": [ 640, 360 ],
			"bounding_box":
			{
				"top_left": [ 360, 640 ],
				"bottom_right": [ 360, 640 ]
			},
			"cuboid": [
				[ -4.0802998542785645, 0.68440002202987671, 26.904699325561523 ],
				[ -3.1010000705718994, 0.067800000309944153, 24.429599761962891 ],
				[ -6.6287999153137207, -0.19910000264644623, 23.100099563598633 ],
				[ -7.6082000732421875, 0.41760000586509705, 25.575199127197266 ],
				[ -4.0275001525878906, 4.0124998092651367, 26.096500396728516 ],
				[ -3.0480999946594238, 3.3959000110626221, 23.621400833129883 ],
				[ -6.5760002136230469, 3.1289999485015869, 22.291900634765625 ],
				[ -7.5553998947143555, 3.7455999851226807, 24.767000198364258 ]
			],
			"projected_cuboid": [
				[ 640, 360 ],
				[ 640, 360 ],
				[ 640, 360 ],
				[ 640, 360 ],
				[ 640, 360 ],
				[ 640, 360 ],
				[ 640, 360 ],
				[ 640, 360 ]
			]
		}
	]
}