{
	"camera_data":
	{
		"location_worldframe": [ 1.1348999738693237, 5.8916997909545898, 0 ],
		"quaternion_xyzw_worldframe": [ -0.0068000000901520252, -0.070900000631809235, -0.094800002872943878, 0.99290001392364502 ]
	},
	"objects": [
		{
			"class": "obj3",
			"instance_id": 0,
			"visibility": 1,
			"location": [ -6, 0, 24.389499664306641 ],
			"quaternion_xyzw": [ -0.10779999941587448, -0.45489999651908875, -0.71359997987747192, 0.52170002460479736 ],
			"pose_transform": [
				[ -0.32069998979568481, 0.76179999113082886, 0.56279999017715454, 0 ],
				[ -0.43250000476837158, -0.64639997482299805, 0.62860000133514404, 0 ],
				[ -0.84270000457763672, 0.04179999977350235, -0.53680002689361572, 0 ],
				[ -6, 0, 24.389499664306641, 1 ]
			],
			"cuboid_centroid": [ -5.9737000465393066, -0.30019998550415039, 24.782400131225586 ],
			"projected_cuboid_centroid": [ 640, 360 ],
			"bounding_box":
			{
				"top_left": [ 360, 640 ],
				"bottom_right": [ 360, 640 ]
			},
			"cuboid": [
				[ -8.7062997817993164, 0.20039999485015869, 25.590499877929688 ],
				[ -7.5246000289916992, 1.9665999412536621, 23.87299919128418 ],
				[ -4.3397998809814453, 1.8086999654769897, 25.901899337768555 ],
				[ -5.5215001106262207, 0.042500000447034836, 27.619400024414063 ],
				[ -7.6076998710632324, -2.4089999198913574, 23.662799835205078 ],
				[ -6.4260001182556152, -0.642799973487854, 21.945400238037109 ],
				[ -3.2411999702453613, -0.80080002546310425, 23.974300384521484 ],
				[ -4.4229001998901367, -2.5669999122619629, 25.691699981689453 ]
			],
			"projected_cuboid": [
				[ 640, 360 ],
				[ 640, 360 ],
				[ 640, 360 ],
				[ 640, 360 ],
				[ 640, 360 ],
				[ 640, 360 ],
				[ 640, 360 ],
				[ 640, 360 ]
			]
		}
	]
}