{
	"camera_data":
	{
		"location_worldframe": [ 0.56199997663497925, 5.973599910736084, 0 ],
		"quaternion_xyzw_worldframe": [ -0.0031999999191612005, -0.068800002336502075, -0.046799998730421066, 0.99650001525878906 ]
	},
	"objects": [
		{
			"class": "obj3",
			"instance_id": 0,
			"visibility": 1,
			"location": [ -12.536100387573242, -2.1256000995635986, 16.518400192260742 ],
			"quaternion_xyzw": [ -0.20479999482631683, 0.33529999852180481, 0.61489999294281006, 0.68379998207092285 ],
			"pose_transform": [
				[ 0.20659999549388885, 0.69239997863769531, 0.69129997491836548, 0 ],
				[ 0.018999999389052391, 0.70349997282028198, -0.71039998531341553, 0 ],
				[ 0.97820001840591431, -0.1598999947309494, -0.13220000267028809, 0 ],
				[ -12.536100387573242, -2.1256000995635986, 16.518400192260742, 1 ]
			],
			"cuboid_centroid": [ -12.771400451660156, -1.7950999736785889, 16.234600067138672 ],
			"projected_cuboid_centroid": [ 640, 360 ],
			"bounding_box":
			{
				"top_left": [ 360, 640 ],
				"bottom_right": [ 360, 640 ]
			},
			"cuboid": [
				[ -10.542900085449219, 0.04960000142455101, 16.198099136352539 ],
				[ -10.594900131225586, -1.8725999593734741, 18.139200210571289 ],
				[ -14.292200088500977, -1.2681000232696533, 18.638799667358398 ],
				[ -14.240200042724609, 0.65410000085830688, 16.697700500488281 ],
				[ -11.250699996948242, -2.3220999240875244, 13.830400466918945 ],
				[ -11.302700042724609, -4.2444000244140625, 15.771499633789063 ],
				[ -14.999899864196777, -3.6398000717163086, 16.271099090576172 ],
				[ -14.94789981842041, -1.7175999879837036, 14.329999923706055 ]
			],
			"projected_cuboid": [
				[ 640, 360 ],
				[ 640, 360 ],
				[ 640, 360 ],
				[ 640, 360 ],
				[ 640, 360 ],
				[ 640, 360 ],
				[ 640, 360 ],
				[ 640, 360 ]
			]
		}
	]
}