{
	"camera_data":
	{
		"location_worldframe": [ 0.18320000171661377, 5.9972000122070313, 0 ],
		"quaternion_xyzw_worldframe": [ -9.9999997473787516e-05, -0.0082000000402331352, -0.015300000086426735, 0.99980002641677856 ]
	},
	"objects": [
		{
			"class": "obj3",
			"instance_id": 0,
			"visibility": 1,
			"location": [ -6.1592998504638672, -1.2115000486373901, 11.454299926757813 ],
			"quaternion_xyzw": [ 0.47760000824928284, 0.14090000092983246, 0.42689999938011169, 0.75480002164840698 ],
			"pose_transform": [
				[ 0.62050002813339233, -0.6007000207901001, 0.50410002470016479, 0 ],
				[ 0.59579998254776001, 0.77910000085830688, 0.19509999454021454, 0 ],
				[ 0.50989997386932373, -0.17919999361038208, -0.84130001068115234, 0 ],
				[ -6.1592998504638672, -1.2115000486373901, 11.454299926757813, 1 ]
			],
			"cuboid_centroid": [ -6.0384998321533203, -0.82319998741149902, 11.736700057983398 ],
			"projected_cuboid_centroid": [ 640, 360 ],
			"bounding_box":
			{
				"top_left": [ 360, 640 ],
				"bottom_right": [ 360, 640 ]
			},
			"cuboid": [
				[ -3.198199987411499, -1.1262999773025513, 11.276599884033203 ],
				[ -4.8260998725891113, -3.255000114440918, 10.743399620056152 ],
				[ -6.7533001899719238, -2.5776998996734619, 13.923299789428711 ],
				[ -5.1255002021789551, -0.44900000095367432, 14.456399917602539 ],
				[ -5.3235998153686523, 0.93129998445510864, 9.5501003265380859 ],
				[ -6.9513998031616211, -1.1973999738693237, 9.0169000625610352 ],
				[ -8.8787002563476563, -0.51999998092651367, 12.196800231933594 ],
				[ -7.2508997917175293, 1.6087000370025635, 12.729900360107422 ]
			],
			"projected_cuboid": [
				[ 640, 360 ],
				[ 640, 360 ],
				[ 640, 360 ],
				[ 640, 360 ],
				[ 640, 360 ],
				[ 640, 360 ],
				[ 640, 360 ],
				[ 640, 360 ]
			]
		}
	]
}