{
	"camera_data":
	{
		"location_worldframe": [ 0, 0, 0 ],
		"quaternion_xyzw_worldframe": [ -9.9999997473787516e-05, -0.0082000000402331352, -0.015300000086426735, 0.99980002641677856 ]
	},
	"objects": [
		{
			"class": "obj3",
			"instance_id": 0,
			"visibility": 1,
			"location": [ -0.15929999947547913, -1.2115000486373901, 11.454299926757813 ],
			"quaternion_xyzw": [ 0.47760000824928284, 0.14090000092983246, 0.42689999938011169, 0.75480002164840698 ],
			"pose_transform": [
				[ 0.62050002813339233, -0.6007000207901001, 0.50410002470016479, 0 ],
				[ 0.59579998254776001, 0.77910000085830688, 0.19509999454021454, 0 ],
				[ 0.50989997386932373, -0.17919999361038208, -0.84130001068115234, 0 ],
				[ -0.15929999947547913, -1.2115000486373901, 11.454299926757813, 1 ]
			],
			"cuboid_centroid": [ -0.038499999791383743, -0.82319998741149902, 11.736700057983398 ],
			"projected_cuboid_centroid": [ 637.90252685546875, 315.11309814453125 ],
			"bounding_box":
			{
				"top_left": [ 167.97140502929688, 496.46051025390625 ],
				"bottom_right": [ 422.92111206054688, 773.0999755859375 ]
			},
			"cuboid": [
				[ 2.801800012588501, -1.1262999773025513, 11.276599884033203 ],
				[ 1.1739000082015991, -3.255000114440918, 10.743399620056152 ],
				[ -0.7533000111579895, -2.5776998996734619, 13.923299789428711 ],
				[ 0.87449997663497925, -0.44900000095367432, 14.456399917602539 ],
				[ 0.67640000581741333, 0.93129998445510864, 9.5501003265380859 ],
				[ -0.95139998197555542, -1.1973999738693237, 9.0169000625610352 ],
				[ -2.8787000179290771, -0.51999998092651367, 12.196800231933594 ],
				[ -1.2509000301361084, 1.6087000370025635, 12.729900360107422 ]
			],
			"projected_cuboid": [
				[ 799.013671875, 296.07489013671875 ],
				[ 709.93280029296875, 166.09280395507813 ],
				[ 605.37249755859375, 241.51449584960938 ],
				[ 678.7152099609375, 340.12411499023438 ],
				[ 685.32879638671875, 422.41409301757813 ],
				[ 572.4696044921875, 275.01419067382813 ],
				[ 488.9468994140625, 332.71490478515625 ],
				[ 577.11260986328125, 440.87869262695313 ]
			]
		}
	]
}