{
	"camera_data":
	{
		"location_worldframe": [ 0, 6, 0 ],
		"quaternion_xyzw_worldframe": [ 0, 0, 0, 1 ]
	},
	"objects": [
		{
			"class": "obj3",
			"instance_id": 0,
			"visibility": 1,
			"location": [ -6, 0, 20 ],
			"quaternion_xyzw": [ -0.0098000001162290573, 0.77549999952316284, 0.012000000104308128, 0.63109999895095825 ],
			"pose_transform": [
				[ 0.97869998216629028, 0.030899999663233757, -0.20299999415874481, 0 ],
				[ -0.20309999585151672, 0, -0.97909998893737793, 0 ],
				[ 0.030300000682473183, -0.99949997663497925, -0.0063000000081956387, 0 ],
				[ -6, 0, 20, 1 ]
			],
			"cuboid_centroid": [ -6.1104001998901367, 0.24490000307559967, 19.584100723266602 ],
			"projected_cuboid_centroid": [ 640, 360 ],
			"bounding_box":
			{
				"top_left": [ 360, 640 ],
				"bottom_right": [ 360, 640 ]
			},
			"cuboid": [
				[ -4.6546001434326172, -1.590999960899353, 17.886800765991211 ],
				[ -4.0995998382568359, -1.590999960899353, 20.562200546264648 ],
				[ -4.213900089263916, 2.1867001056671143, 20.585899353027344 ],
				[ -4.7690000534057617, 2.1867001056671143, 17.910600662231445 ],
				[ -8.0067996978759766, -1.6967999935150146, 18.582300186157227 ],
				[ -7.4517002105712891, -1.6967999935150146, 21.257600784301758 ],
				[ -7.5661001205444336, 2.0808999538421631, 21.281400680541992 ],
				[ -8.1211996078491211, 2.0808999538421631, 18.606000900268555 ]
			],
			"projected_cuboid": [
				[ 640, 360 ],
				[ 640, 360 ],
				[ 640, 360 ],
				[ 640, 360 ],
				[ 640, 360 ],
				[ 640, 360 ],
				[ 640, 360 ],
				[ 640, 360 ]
			]
		}
	]
}