{
	"camera_data":
	{
		"location_worldframe": [ 0, 0, 0 ],
		"quaternion_xyzw_worldframe": [ -0.012600000016391277, -0.10760000348091125, -0.11599999666213989, 0.98729997873306274 ]
	},
	"objects": [
		{
			"class": "obj3",
			"instance_id": 0,
			"visibility": 1,
			"location": [ 0, 0, 21.985200881958008 ],
			"quaternion_xyzw": [ -0.82620000839233398, -0.43970000743865967, 0.32929998636245728, -0.12460000067949295 ],
			"pose_transform": [
				[ -0.43459999561309814, -0.49549999833106995, -0.75209999084472656, 0 ],
				[ 0.39640000462532043, 0.6445000171661377, -0.65380001068115234, 0 ],
				[ -0.80870002508163452, 0.58219999074935913, 0.083700001239776611, 0 ],
				[ 0, 0, 21.985200881958008, 1 ]
			],
			"cuboid_centroid": [ 0.37590000033378601, 0.14190000295639038, 21.69580078125 ],
			"projected_cuboid_centroid": [ 651.08782958984375, 364.18569946289063 ],
			"bounding_box":
			{
				"top_left": [ 280.96139526367188, 566.64190673828125 ],
				"bottom_right": [ 428.62689208984375, 729.13690185546875 ]
			},
			"cuboid": [
				[ -1.3550000190734863, 1.2740999460220337, 19.672800064086914 ],
				[ -2.4381999969482422, -0.4869999885559082, 21.459100723266602 ],
				[ 0.61830002069473267, -2.6875998973846436, 21.142900466918945 ],
				[ 1.7014000415802002, -0.92650002241134644, 19.356599807739258 ],
				[ 0.13339999318122864, 2.9714000225067139, 22.248800277709961 ],
				[ -0.9496999979019165, 1.2102999687194824, 24.034999847412109 ],
				[ 2.1068000793457031, -0.99029999971389771, 23.718900680541992 ],
				[ 3.1898999214172363, 0.77079999446868896, 21.932600021362305 ]
			],
			"projected_cuboid": [
				[ 595.9180908203125, 401.448486328125 ],
				[ 567.28302001953125, 345.47531127929688 ],
				[ 658.7158203125, 278.64590454101563 ],
				[ 696.2562255859375, 329.3662109375 ],
				[ 643.83892822265625, 445.47378540039063 ],
				[ 614.71142578125, 392.22760009765625 ],
				[ 696.84649658203125, 333.279296875 ],
				[ 733.08331298828125, 382.4921875 ]
			]
		}
	]
}