{
	"camera_data":
	{
		"location_worldframe": [ 0, 0, 0 ],
		"quaternion_xyzw_worldframe": [ -0.00139999995008111, -0.060899998992681503, -0.022199999541044235, 0.99790000915527344 ]
	},
	"objects": [
		{
			"class": "obj3",
			"instance_id": 0,
			"visibility": 1,
			"location": [ -7.3206000328063965, -2.432499885559082, 16.142799377441406 ],
			"quaternion_xyzw": [ -0.21539999544620514, 0.31290000677108765, 0.61449998617172241, 0.69139999151229858 ],
			"pose_transform": [
				[ 0.16789999604225159, 0.68239998817443848, 0.71149998903274536, 0 ],
				[ 0.048900000751018524, 0.7150999903678894, -0.6973000168800354, 0 ],
				[ 0.9846000075340271, -0.15189999341964722, -0.086699999868869781, 0 ],
				[ -7.3206000328063965, -2.432499885559082, 16.142799377441406, 1 ]
			],
			"cuboid_centroid": [ -7.5440001487731934, -2.0989000797271729, 15.853099822998047 ],
			"projected_cuboid_centroid": [ 335.444091796875, 275.26559448242188 ],
			"bounding_box":
			{
				"top_left": [ 175.83500671386719, 199.72470092773438 ],
				"bottom_right": [ 360.14358520507813, 447.19070434570313 ]
			},
			"cuboid": [
				[ -5.3288998603820801, -0.24050000309944153, 15.955100059509277 ],
				[ -5.4626002311706543, -2.1942999362945557, 17.86039924621582 ],
				[ -9.1838998794555664, -1.6201000213623047, 18.187999725341797 ],
				[ -9.0502004623413086, 0.33370000123977661, 16.282699584960938 ],
				[ -5.9040999412536621, -2.5776998996734619, 13.518099784851074 ],
				[ -6.0377998352050781, -4.5314998626708984, 15.423500061035156 ],
				[ -9.7589998245239258, -3.9572999477386475, 15.751099586486816 ],
				[ -9.625300407409668, -2.0035998821258545, 13.845700263977051 ]
			],
			"projected_cuboid": [
				[ 426.24249267578125, 350.35269165039063 ],
				[ 444.25509643554688, 281.3721923828125 ],
				[ 316.837890625, 302.99209594726563 ],
				[ 284.27749633789063, 373.11468505859375 ],
				[ 360.47808837890625, 237.96090698242188 ],
				[ 389.46099853515625, 171.96589660644531 ],
				[ 243.4700927734375, 199.20620727539063 ],
				[ 195.08250427246094, 267.38839721679688 ]
			]
		}
	]
}