{
	"camera_data":
	{
		"location_worldframe": [ 0, 0, 0 ],
		"quaternion_xyzw_worldframe": [ -0.0068000000901520252, -0.070900000631809235, -0.094800002872943878, 0.99290001392364502 ]
	},
	"objects": [
		{
			"class": "obj3",
			"instance_id": 0,
			"visibility": 1,
			"location": [ 0, 0, 24.389499664306641 ],
			"quaternion_xyzw": [ -0.10779999941587448, -0.45489999651908875, -0.71359997987747192, 0.52170002460479736 ],
			"pose_transform": [
				[ -0.32069998979568481, 0.76179999113082886, 0.56279999017715454, 0 ],
				[ -0.43250000476837158, -0.64639997482299805, 0.62860000133514404, 0 ],
				[ -0.84270000457763672, 0.04179999977350235, -0.53680002689361572, 0 ],
				[ 0, 0, 24.389499664306641, 1 ]
			],
			"cuboid_centroid": [ 0.02630000002682209, -0.30019998550415039, 24.782400131225586 ],
			"projected_cuboid_centroid": [ 640.6781005859375, 352.24789428710938 ],
			"bounding_box":
			{
				"top_left": [ 302.66619873046875, 579.02960205078125 ],
				"bottom_right": [ 408.22360229492188, 713.33349609375 ]
			},
			"cuboid": [
				[ -2.7063000202178955, 0.20039999485015869, 25.590499877929688 ],
				[ -1.5246000289916992, 1.9665999412536621, 23.87299919128418 ],
				[ 1.6601999998092651, 1.8086999654769897, 25.901899337768555 ],
				[ 0.47850000858306885, 0.042500000447034836, 27.619400024414063 ],
				[ -1.607699990272522, -2.4089999198913574, 23.662799835205078 ],
				[ -0.42599999904632568, -0.642799973487854, 21.945400238037109 ],
				[ 2.7588000297546387, -0.80080002546310425, 23.974300384521484 ],
				[ 1.5771000385284424, -2.5669999122619629, 25.691699981689453 ]
			],
			"projected_cuboid": [
				[ 572.3173828125, 365.01229858398438 ],
				[ 599.1270751953125, 412.72198486328125 ],
				[ 681.02197265625, 404.69000244140625 ],
				[ 651.08917236328125, 360.98440551757813 ],
				[ 596.51678466796875, 294.84359741210938 ],
				[ 627.5753173828125, 341.25259399414063 ],
				[ 713.64739990234375, 338.62298583984375 ],
				[ 679.28778076171875, 296.0548095703125 ]
			]
		}
	]
}