{
	"camera_data":
	{
		"location_worldframe": [ 0, 0, 0 ],
		"quaternion_xyzw_worldframe": [ -0.0031999999191612005, -0.068800002336502075, -0.046799998730421066, 0.99650001525878906 ]
	},
	"objects": [
		{
			"class": "obj3",
			"instance_id": 0,
			"visibility": 1,
			"location": [ -6.536099910736084, -2.1256000995635986, 16.518400192260742 ],
			"quaternion_xyzw": [ -0.20479999482631683, 0.33529999852180481, 0.61489999294281006, 0.68379998207092285 ],
			"pose_transform": [
				[ 0.20659999549388885, 0.69239997863769531, 0.69129997491836548, 0 ],
				[ 0.018999999389052391, 0.70349997282028198, -0.71039998531341553, 0 ],
				[ 0.97820001840591431, -0.1598999947309494, -0.13220000267028809, 0 ],
				[ -6.536099910736084, -2.1256000995635986, 16.518400192260742, 1 ]
			],
			"cuboid_centroid": [ -6.771399974822998, -1.7950999736785889, 16.234600067138672 ],
			"projected_cuboid_centroid": [ 373.0574951171875, 289.23330688476563 ],
			"bounding_box":
			{
				"top_left": [ 191.55870056152344, 244.79580688476563 ],
				"bottom_right": [ 372.44760131835938, 480.75030517578125 ]
			},
			"cuboid": [
				[ -4.5429000854492188, 0.04960000142455101, 16.198099136352539 ],
				[ -4.5949001312255859, -1.8725999593734741, 18.139200210571289 ],
				[ -8.2922000885009766, -1.2681000232696533, 18.638799667358398 ],
				[ -8.2402000427246094, 0.65410000085830688, 16.697700500488281 ],
				[ -5.2506999969482422, -2.3220999240875244, 13.830400466918945 ],
				[ -5.3027000427246094, -4.2444000244140625, 15.771499633789063 ],
				[ -8.9998998641967773, -3.6398000717163086, 16.271099090576172 ],
				[ -8.9478998184204102, -1.7175999879837036, 14.329999923706055 ]
			],
			"projected_cuboid": [
				[ 460.50509643554688, 361.960693359375 ],
				[ 477.87850952148438, 293.92941284179688 ],
				[ 355.27218627929688, 316.45770263671875 ],
				[ 324.16571044921875, 385.07229614257813 ],
				[ 397.02630615234375, 252.54379272460938 ],
				[ 424.82049560546875, 187.76600646972656 ],
				[ 286.00250244140625, 216.83219909667969 ],
				[ 240.37350463867188, 283.28878784179688 ]
			]
		}
	]
}