{
	"camera_data":
	{
		"location_worldframe": [ 0, 0, 0 ],
		"quaternion_xyzw_worldframe": [ 0, 0, 0, 1 ]
	},
	"objects": [
		{
			"class": "obj3",
			"instance_id": 0,
			"visibility": 1,
			"location": [ 0, 0, 20 ],
			"quaternion_xyzw": [ 0.087700001895427704, 0.84439998865127563, -0.14579999446868896, 0.50800001621246338 ],
			"pose_transform": [
				[ 0.83230000734329224, -0.33520001173019409, -0.44139999151229858, 0 ],
				[ -0.46860000491142273, 0, -0.88340002298355103, 0 ],
				[ -0.29620000720024109, -0.94209998846054077, 0.15710000693798065, 0 ],
				[ 0, 0, 20, 1 ]
			],
			"cuboid_centroid": [ -0.14190000295639038, 0.23669999837875366, 19.588899612426758 ],
			"projected_cuboid_centroid": [ 635.36370849609375, 367.73348999023438 ],
			"bounding_box":
			{
				"top_left": [ 283.4473876953125, 561.0670166015625 ],
				"bottom_right": [ 449.95480346679688, 720.3773193359375 ]
			},
			"cuboid": [
				[ 0.083700001239776611, -2.1177999973297119, 17.92289924621582 ],
				[ 1.3638999462127686, -2.1177999973297119, 20.336700439453125 ],
				[ 2.4832999706268311, 1.4429999589920044, 19.743000030517578 ],
				[ 1.2030999660491943, 1.4429999589920044, 17.329200744628906 ],
				[ -2.7671000957489014, -0.96950000524520874, 19.434900283813477 ],
				[ -1.4868999719619751, -0.96950000524520874, 21.848699569702148 ],
				[ -0.36750000715255737, 2.5912001132965088, 21.254999160766602 ],
				[ -1.6477999687194824, 2.5912001132965088, 18.84119987487793 ]
			],
			"projected_cuboid": [
				[ 642.9893798828125, 284.37530517578125 ],
				[ 682.92352294921875, 293.35140991210938 ],
				[ 720.50042724609375, 406.77560424804688 ],
				[ 684.43231201171875, 413.29098510742188 ],
				[ 548.8773193359375, 328.0723876953125 ],
				[ 596.4453125, 331.59970092773438 ],
				[ 628.93359375, 438.02371215820313 ],
				[ 584.02899169921875, 448.01959228515625 ]
			]
		}
	]
}