{
	"camera_data":
	{
		"location_worldframe": [ 0, 0, 0 ],
		"quaternion_xyzw_worldframe": [ -0.012600000016391277, -0.10760000348091125, -0.11599999666213989, 0.98729997873306274 ]
	},
	"objects": [
		{
			"class": "obj3",
			"instance_id": 0,
			"visibility": 1,
			"location": [ 0, 0, 21.985200881958008 ],
			"quaternion_xyzw": [ -0.3449999988079071, 0.51279997825622559, -0.64520001411437988, -0.44909998774528503 ],
			"pose_transform": [
				[ -0.015399999916553497, -0.9715999960899353, 0.23600000143051147, 0 ],
				[ -0.35839998722076416, 0.2257000058889389, 0.90590000152587891, 0 ],
				[ 0.93339997529983521, 0.070600003004074097, 0.35179999470710754, 0 ],
				[ 0, 0, 21.985200881958008, 1 ]
			],
			"cuboid_centroid": [ -0.38289999961853027, 0.095200002193450928, 22.284299850463867 ],
			"projected_cuboid_centroid": [ 629.00201416015625, 362.73348999023438 ],
			"bounding_box":
			{
				"top_left": [ 298.26309204101563, 564.92779541015625 ],
				"bottom_right": [ 419.1947021484375, 700.73419189453125 ]
			},
			"cuboid": [
				[ 0.86489999294281006, -1.1270999908447266, 24.590700149536133 ],
				[ 1.8443000316619873, -1.7437000274658203, 22.1156005859375 ],
				[ -1.6835999488830566, -2.0106000900268555, 20.786100387573242 ],
				[ -2.6630001068115234, -1.3940000534057617, 23.261199951171875 ],
				[ 0.91769999265670776, 2.2009000778198242, 23.782499313354492 ],
				[ 1.8970999717712402, 1.5843000411987305, 21.307399749755859 ],
				[ -1.6308000087738037, 1.3174999952316284, 19.977899551391602 ],
				[ -2.6101999282836914, 1.9341000318527222, 22.452999114990234 ]
			],
			"projected_cuboid": [
				[ 662.5103759765625, 330.66571044921875 ],
				[ 693.3709716796875, 309.53829956054688 ],
				[ 588.16168212890625, 298.09439086914063 ],
				[ 566.73211669921875, 321.64700317382813 ],
				[ 664.697021484375, 419.22891235351563 ],
				[ 696.982177734375, 407.58770751953125 ],
				[ 587.75689697265625, 402.20559692382813 ],
				[ 565.60052490234375, 415.12930297851563 ]
			]
		}
	]
}