{
	"camera_data":
	{
		"location_worldframe": [ 0, 0, 0 ],
		"quaternion_xyzw_worldframe": [ -0.009100000374019146, -0.087099999189376831, -0.10409999638795853, 0.99070000648498535 ]
	},
	"objects": [
		{
			"class": "obj3",
			"instance_id": 0,
			"visibility": 1,
			"location": [ 0.4593999981880188, 0.79780000448226929, 24.372100830078125 ],
			"quaternion_xyzw": [ -0.34779998660087585, 0.53070002794265747, -0.63950002193450928, -0.43399998545646667 ],
			"pose_transform": [
				[ -0.015900000929832458, -0.98070001602172852, 0.19480000436306, 0 ],
				[ -0.38130000233650208, 0.18600000441074371, 0.90549999475479126, 0 ],
				[ 0.92430001497268677, 0.059799998998641968, 0.37700000405311584, 0 ],
				[ 0.4593999981880188, 0.79780000448226929, 24.372100830078125, 1 ]
			],
			"cuboid_centroid": [ 0.06889999657869339, 0.87870001792907715, 24.665500640869141 ],
			"projected_cuboid_centroid": [ 641.78802490234375, 382.8009033203125 ],
			"bounding_box":
			{
				"top_left": [ 326.93930053710938, 583.8170166015625 ],
				"bottom_right": [ 432.27828979492188, 706.96258544921875 ]
			},
			"cuboid": [
				[ 1.267300009727478, -0.43360000848770142, 26.94849967956543 ],
				[ 2.3092999458312988, -0.94190001487731934, 24.474399566650391 ],
				[ -1.1841000318527222, -1.1680999994277954, 23.049600601196289 ],
				[ -2.226099967956543, -0.65979999303817749, 25.523799896240234 ],
				[ 1.3219000101089478, 2.9256000518798828, 26.281400680541992 ],
				[ 2.3638999462127686, 2.4172999858856201, 23.807199478149414 ],
				[ -1.1295000314712524, 2.1910998821258545, 22.382499694824219 ],
				[ -2.1714999675750732, 2.6993999481201172, 24.856599807739258 ]
			],
			"projected_cuboid": [
				[ 670.097412109375, 349.70260620117188 ],
				[ 700.3870849609375, 335.3695068359375 ],
				[ 607.1221923828125, 327.56689453125 ],
				[ 584.182373046875, 343.45651245117188 ],
				[ 672.19091796875, 431.24301147460938 ],
				[ 703.546875, 424.9822998046875 ],
				[ 607.70330810546875, 422.65130615234375 ],
				[ 584.09002685546875, 429.50289916992188 ]
			]
		}
	]
}