{
	"camera_data":
	{
		"location_worldframe": [ 1.3912999629974365, 5.8365001678466797, 0 ],
		"quaternion_xyzw_worldframe": [ -0.012600000016391277, -0.10760000348091125, -0.11599999666213989, 0.98729997873306274 ]
	},
	"objects": [
		{
			"class": "obj3",
			"instance_id": 0,
			"visibility": 1,
			"location": [ -6, 0, 21.985200881958008 ],
			"quaternion_xyzw": [ -0.82620000839233398, -0.43970000743865967, 0.32929998636245728, -0.12460000067949295 ],
			"pose_transform": [
				[ -0.43459999561309814, -0.49549999833106995, -0.75209999084472656, 0 ],
				[ 0.39640000462532043, 0.6445000171661377, -0.65380001068115234, 0 ],
				[ -0.80870002508163452, 0.58219999074935913, 0.083700001239776611, 0 ],
				[ -6, 0, 21.985200881958008, 1 ]
			],
			"cuboid_centroid": [ -5.6241002082824707, 0.14190000295639038, 21.69580078125 ],
			"projected_cuboid_centroid": [ 640, 360 ],
			"bounding_box":
			{
				"top_left": [ 360, 640 ],
				"bottom_right": [ 360, 640 ]
			},
			"cuboid": [
				[ -7.3550000190734863, 1.2740999460220337, 19.672800064086914 ],
				[ -8.4381999969482422, -0.4869999885559082, 21.459100723266602 ],
				[ -5.3817000389099121, -2.6875998973846436, 21.142900466918945 ],
				[ -4.2986001968383789, -0.92650002241134644, 19.356599807739258 ],
				[ -5.8666000366210938, 2.9714000225067139, 22.248800277709961 ],
				[ -6.949699878692627, 1.2102999687194824, 24.034999847412109 ],
				[ -3.8931999206542969, -0.99029999971389771, 23.718900680541992 ],
				[ -2.8101000785827637, 0.77079999446868896, 21.932600021362305 ]
			],
			"projected_cuboid": [
				[ 640, 360 ],
				[ 640, 360 ],
				[ 640, 360 ],
				[ 640, 360 ],
				[ 640, 360 ],
				[ 640, 360 ],
				[ 640, 360 ],
				[ 640, 360 ]
			]
		}
	]
}