{
	"camera_data":
	{
		"location_worldframe": [ 0.22709999978542328, 5.9956998825073242, 0 ],
		"quaternion_xyzw_worldframe": [ -0.000699999975040555, -0.035999998450279236, -0.018899999558925629, 0.99919998645782471 ]
	},
	"objects": [
		{
			"class": "obj3",
			"instance_id": 0,
			"visibility": 1,
			"location": [ -6.0756001472473145, -0.57359999418258667, 11.504799842834473 ],
			"quaternion_xyzw": [ 0.53780001401901245, 0.55870002508163452, 0.51609998941421509, -0.36379998922348022 ],
			"pose_transform": [
				[ 0.148499995470047, 0.96789997816085815, -0.20270000398159027, 0 ],
				[ -0.15700000524520874, 0.22550000250339508, 0.96149998903274536, 0 ],
				[ -0.97640001773834229, 0.11100000143051147, -0.18539999425411224, 0 ],
				[ -6.0756001472473145, -0.57359999418258667, 11.504799842834473, 1 ]
			],
			"cuboid_centroid": [ -5.9057002067565918, -0.5195000171661377, 11.966699600219727 ],
			"projected_cuboid_centroid": [ 640, 360 ],
			"bounding_box":
			{
				"top_left": [ 360, 640 ],
				"bottom_right": [ 360, 640 ]
			},
			"cuboid": [
				[ -7.710899829864502, 1.6559000015258789, 12.582599639892578 ],
				[ -7.2818999290466309, 1.0398999452590942, 9.9554996490478516 ],
				[ -3.5917999744415283, 0.62040001153945923, 10.656299591064453 ],
				[ -4.0206999778747559, 1.2364000082015991, 13.283499717712402 ],
				[ -8.219599723815918, -1.6592999696731567, 13.277000427246094 ],
				[ -7.7906999588012695, -2.275399923324585, 10.649800300598145 ],
				[ -4.1005001068115234, -2.6949000358581543, 11.350700378417969 ],
				[ -4.5293998718261719, -2.0787999629974365, 13.977899551391602 ]
			],
			"projected_cuboid": [
				[ 640, 360 ],
				[ 640, 360 ],
				[ 640, 360 ],
				[ 640, 360 ],
				[ 640, 360 ],
				[ 640, 360 ],
				[ 640, 360 ],
				[ 640, 360 ]
			]
		}
	]
}