{
	"camera_data":
	{
		"location_worldframe": [ 0, 0, 0 ],
		"quaternion_xyzw_worldframe": [ -0.012600000016391277, -0.10760000348091125, -0.11599999666213989, 0.98729997873306274 ]
	},
	"objects": [
		{
			"class": "obj3",
			"instance_id": 0,
			"visibility": 1,
			"location": [ 1.0548000335693359, 1.8114999532699585, 24.299200057983398 ],
			"quaternion_xyzw": [ -0.3449999988079071, 0.51279997825622559, -0.64520001411437988, -0.44909998774528503 ],
			"pose_transform": [
				[ -0.015399999916553497, -0.9715999960899353, 0.23600000143051147, 0 ],
				[ -0.35839998722076416, 0.2257000058889389, 0.90590000152587891, 0 ],
				[ 0.93339997529983521, 0.070600003004074097, 0.35179999470710754, 0 ],
				[ 1.0548000335693359, 1.8114999532699585, 24.299200057983398, 1 ]
			],
			"cuboid_centroid": [ 0.67180001735687256, 1.9067000150680542, 24.598300933837891 ],
			"projected_cuboid_centroid": [ 657.480224609375, 409.60910034179688 ],
			"bounding_box":
			{
				"top_left": [ 353.89410400390625, 599.48541259765625 ],
				"bottom_right": [ 459.4530029296875, 723.32611083984375 ]
			},
			"cuboid": [
				[ 1.919700026512146, 0.68440002202987671, 26.904699325561523 ],
				[ 2.8989999294281006, 0.067800000309944153, 24.429599761962891 ],
				[ -0.62879997491836548, -0.19910000264644623, 23.100099563598633 ],
				[ -1.6081999540328979, 0.41760000586509705, 25.575199127197266 ],
				[ 1.9724999666213989, 4.0124998092651367, 26.096500396728516 ],
				[ 2.9519000053405762, 3.3959000110626221, 23.621400833129883 ],
				[ -0.57599997520446777, 3.1289999485015869, 22.291900634765625 ],
				[ -1.555400013923645, 3.7455999851226807, 24.767000198364258 ]
			],
			"projected_cuboid": [
				[ 685.665283203125, 376.281005859375 ],
				[ 715.9486083984375, 361.77639770507813 ],
				[ 622.577880859375, 354.48519897460938 ],
				[ 599.75640869140625, 370.44949340820313 ],
				[ 688.3751220703125, 458.40390014648438 ],
				[ 719.97869873046875, 452.00799560546875 ],
				[ 623.462890625, 449.83370971679688 ],
				[ 599.80828857421875, 456.79019165039063 ]
			]
		}
	]
}