{
	"camera_data":
	{
		"location_worldframe": [ 1.1067999601364136, 5.8969998359680176, 0 ],
		"quaternion_xyzw_worldframe": [ -0.0076999999582767487, -0.082900002598762512, -0.092299997806549072, 0.99220001697540283 ]
	},
	"objects": [
		{
			"class": "obj3",
			"instance_id": 0,
			"visibility": 1,
			"location": [ -11.036800384521484, -1.5607999563217163, 17.096500396728516 ],
			"quaternion_xyzw": [ -0.10589999705553055, 0.38429999351501465, -0.87660002708435059, 0.26969999074935913 ],
			"pose_transform": [
				[ 0.39300000667572021, -0.61650002002716064, 0.68229997158050537, 0 ],
				[ -0.8320000171661377, -0.55430001020431519, -0.021600000560283661, 0 ],
				[ -0.39149999618530273, 0.5591999888420105, 0.73079997301101685, 0 ],
				[ -11.036800384521484, -1.5607999563217163, 17.096500396728516, 1 ]
			],
			"cuboid_centroid": [ -11.304499626159668, -1.9263999462127686, 16.896900177001953 ],
			"projected_cuboid_centroid": [ 640, 360 ],
			"bounding_box":
			{
				"top_left": [ 360, 640 ],
				"bottom_right": [ 360, 640 ]
			},
			"cuboid": [
				[ -12.507800102233887, -2.6826999187469482, 19.416900634765625 ],
				[ -10.234399795532227, -1.1682000160217285, 19.475799560546875 ],
				[ -8.7548999786376953, -3.2815999984741211, 16.713800430297852 ],
				[ -11.028300285339355, -4.7961997985839844, 16.654899597167969 ],
				[ -13.854000091552734, -0.57109999656677246, 17.080099105834961 ],
				[ -11.580699920654297, 0.94340002536773682, 17.138999938964844 ],
				[ -10.101099967956543, -1.1699999570846558, 14.376899719238281 ],
				[ -12.374500274658203, -2.6846001148223877, 14.317999839782715 ]
			],
			"projected_cuboid": [
				[ 640, 360 ],
				[ 640, 360 ],
				[ 640, 360 ],
				[ 640, 360 ],
				[ 640, 360 ],
				[ 640, 360 ],
				[ 640, 360 ],
				[ 640, 360 ]
			]
		}
	]
}