{
	"camera_data":
	{
		"location_worldframe": [ 1.3912999629974365, 5.8365001678466797, 0 ],
		"quaternion_xyzw_worldframe": [ -0.012600000016391277, -0.10760000348091125, -0.11599999666213989, 0.98729997873306274 ]
	},
	"objects": [
		{
			"class": "obj3",
			"instance_id": 0,
			"visibility": 1,
			"location": [ -6, 0, 21.985200881958008 ],
			"quaternion_xyzw": [ -0.3449999988079071, 0.51279997825622559, -0.64520001411437988, -0.44909998774528503 ],
			"pose_transform": [
				[ -0.015399999916553497, -0.9715999960899353, 0.23600000143051147, 0 ],
				[ -0.35839998722076416, 0.2257000058889389, 0.90590000152587891, 0 ],
				[ 0.93339997529983521, 0.070600003004074097, 0.35179999470710754, 0 ],
				[ -6, 0, 21.985200881958008, 1 ]
			],
			"cuboid_centroid": [ -6.3829002380371094, 0.095200002193450928, 22.284299850463867 ],
			"projected_cuboid_centroid": [ 640, 360 ],
			"bounding_box":
			{
				"top_left": [ 360, 640 ],
				"bottom_right": [ 360, 640 ]
			},
			"cuboid": [
				[ -5.1350998878479004, -1.1270999908447266, 24.590700149536133 ],
				[ -4.1557002067565918, -1.7437000274658203, 22.1156005859375 ],
				[ -7.6835999488830566, -2.0106000900268555, 20.786100387573242 ],
				[ -8.6630001068115234, -1.3940000534057617, 23.261199951171875 ],
				[ -5.0823001861572266, 2.2009000778198242, 23.782499313354492 ],
				[ -4.1029000282287598, 1.5843000411987305, 21.307399749755859 ],
				[ -7.6307997703552246, 1.3174999952316284, 19.977899551391602 ],
				[ -8.6101999282836914, 1.9341000318527222, 22.452999114990234 ]
			],
			"projected_cuboid": [
				[ 640, 360 ],
				[ 640, 360 ],
				[ 640, 360 ],
				[ 640, 360 ],
				[ 640, 360 ],
				[ 640, 360 ],
				[ 640, 360 ],
				[ 640, 360 ]
			]
		}
	]
}