{
	"camera_data":
	{
		"location_worldframe": [ 0.8399999737739563, 5.9408998489379883, 0 ],
		"quaternion_xyzw_worldframe": [ -0.0054000001400709152, -0.076099999248981476, -0.070000000298023224, 0.99459999799728394 ]
	},
	"objects": [
		{
			"class": "obj3",
			"instance_id": 0,
			"visibility": 1,
			"location": [ -11.779500007629395, -1.8365000486373901, 16.832199096679688 ],
			"quaternion_xyzw": [ -0.085900001227855682, 0.383899986743927, -0.875, 0.28209999203681946 ],
			"pose_transform": [
				[ 0.3668999969959259, -0.62339997291564941, 0.69050002098083496, 0 ],
				[ -0.82609999179840088, -0.55959999561309814, -0.066200003027915955, 0 ],
				[ -0.42770001292228699, 0.54610002040863037, 0.72030001878738403, 0 ],
				[ -11.779500007629395, -1.8365000486373901, 16.832199096679688, 1 ]
			],
			"cuboid_centroid": [ -12.035300254821777, -2.2009999752044678, 16.615800857543945 ],
			"projected_cuboid_centroid": [ 640, 360 ],
			"bounding_box":
			{
				"top_left": [ 360, 640 ],
				"bottom_right": [ 360, 640 ]
			},
			"cuboid": [
				[ -13.343700408935547, -3.0011000633239746, 19.069000244140625 ],
				[ -11.086600303649902, -1.4720000028610229, 19.25 ],
				[ -9.4701004028320313, -3.536099910736084, 16.527599334716797 ],
				[ -11.727199554443359, -5.0651001930236816, 16.346700668334961 ],
				[ -14.600600242614746, -0.86599999666213989, 16.703899383544922 ],
				[ -12.343400001525879, 0.66310000419616699, 16.884899139404297 ],
				[ -10.726900100708008, -1.4010000228881836, 14.162500381469727 ],
				[ -12.984000205993652, -2.9300000667572021, 13.981599807739258 ]
			],
			"projected_cuboid": [
				[ 640, 360 ],
				[ 640, 360 ],
				[ 640, 360 ],
				[ 640, 360 ],
				[ 640, 360 ],
				[ 640, 360 ],
				[ 640, 360 ],
				[ 640, 360 ]
			]
		}
	]
}