{
	"camera_data":
	{
		"location_worldframe": [ 0, 0, 0 ],
		"quaternion_xyzw_worldframe": [ -0.0092000002041459084, -0.086699999868869781, -0.10509999841451645, 0.99059998989105225 ]
	},
	"objects": [
		{
			"class": "obj3",
			"instance_id": 0,
			"visibility": 1,
			"location": [ -0.48739999532699585, -0.93800002336502075, 21.959800720214844 ],
			"quaternion_xyzw": [ -0.11729999631643295, 0.38449999690055847, -0.87720000743865967, 0.26249998807907104 ],
			"pose_transform": [
				[ 0.40759998559951782, -0.6129000186920166, 0.67690002918243408, 0 ],
				[ -0.83469998836517334, -0.55070000886917114, 0.0038999998942017555, 0 ],
				[ -0.37040001153945923, 0.56660002470016479, 0.73610001802444458, 0 ],
				[ -0.48739999532699585, -0.93800002336502075, 21.959800720214844, 1 ]
			],
			"cuboid_centroid": [ -0.76160001754760742, -1.3039000034332275, 21.769899368286133 ],
			"projected_cuboid_centroid": [ 617.6104736328125, 321.66720581054688 ],
			"bounding_box":
			{
				"top_left": [ 241.4873046875, 558.94970703125 ],
				"bottom_right": [ 402.90130615234375, 692.84918212890625 ]
			},
			"cuboid": [
				[ -1.9036999940872192, -2.0353000164031982, 24.32550048828125 ],
				[ 0.37689998745918274, -0.53049999475479126, 24.314800262451172 ],
				[ 1.7767000198364258, -2.6719000339508057, 21.532800674438477 ],
				[ -0.50389999151229858, -4.1767001152038574, 21.543500900268555 ],
				[ -3.2999000549316406, 0.064099997282028198, 22.007099151611328 ],
				[ -1.0192999839782715, 1.5688999891281128, 21.996299743652344 ],
				[ 0.38049998879432678, -0.57249999046325684, 19.214300155639648 ],
				[ -1.9000999927520752, -2.0773000717163086, 19.225099563598633 ]
			],
			"projected_cuboid": [
				[ 589.9136962890625, 306.451904296875 ],
				[ 649.92010498046875, 346.03518676757813 ],
				[ 692.8062744140625, 280.58401489257813 ],
				[ 625.02972412109375, 235.92179870605469 ],
				[ 544.035400390625, 361.864990234375 ],
				[ 610.343994140625, 405.64749145507813 ],
				[ 652.6749267578125, 340.92999267578125 ],
				[ 576.7471923828125, 290.84799194335938 ]
			]
		}
	]
}