{
	"camera_data":
	{
		"location_worldframe": [ 0, 0, 0 ],
		"quaternion_xyzw_worldframe": [ -0.000699999975040555, -0.035999998450279236, -0.018899999558925629, 0.99919998645782471 ]
	},
	"objects": [
		{
			"class": "obj3",
			"instance_id": 0,
			"visibility": 1,
			"location": [ -0.075599998235702515, -0.57359999418258667, 11.504799842834473 ],
			"quaternion_xyzw": [ 0.53780001401901245, 0.55870002508163452, 0.51609998941421509, -0.36379998922348022 ],
			"pose_transform": [
				[ 0.148499995470047, 0.96789997816085815, -0.20270000398159027, 0 ],
				[ -0.15700000524520874, 0.22550000250339508, 0.96149998903274536, 0 ],
				[ -0.97640001773834229, 0.11100000143051147, -0.18539999425411224, 0 ],
				[ -0.075599998235702515, -0.57359999418258667, 11.504799842834473, 1 ]
			],
			"cuboid_centroid": [ 0.094300001859664917, -0.5195000171661377, 11.966699600219727 ],
			"projected_cuboid_centroid": [ 645.04388427734375, 332.21701049804688 ],
			"bounding_box":
			{
				"top_left": [ 212.30270385742188, 525.64300537109375 ],
				"bottom_right": [ 445.0198974609375, 788.417724609375 ]
			},
			"cuboid": [
				[ -1.7108999490737915, 1.6559000015258789, 12.582599639892578 ],
				[ -1.2819000482559204, 1.0398999452590942, 9.9554996490478516 ],
				[ 2.4082000255584717, 0.62040001153945923, 10.656299591064453 ],
				[ 1.9793000221252441, 1.2364000082015991, 13.283499717712402 ],
				[ -2.2195999622344971, -1.6592999696731567, 13.277000427246094 ],
				[ -1.7906999588012695, -2.275399923324585, 10.649800300598145 ],
				[ 1.8995000123977661, -2.6949000358581543, 11.350700378417969 ],
				[ 1.4706000089645386, -2.0787999629974365, 13.977899551391602 ]
			],
			"projected_cuboid": [
				[ 552.97869873046875, 444.22671508789063 ],
				[ 557.588623046875, 426.84890747070313 ],
				[ 784.6343994140625, 397.25860595703125 ],
				[ 735.363525390625, 419.57180786132813 ],
				[ 533.00628662109375, 280.01370239257813 ],
				[ 532.3887939453125, 223.25990295410156 ],
				[ 747.1011962890625, 208.05050659179688 ],
				[ 707.332275390625, 264.81719970703125 ]
			]
		}
	]
}