{
	"camera_data":
	{
		"location_worldframe": [ 0.26669999957084656, 5.9941000938415527, 0 ],
		"quaternion_xyzw_worldframe": [ -0.00139999995008111, -0.060899998992681503, -0.022199999541044235, 0.99790000915527344 ]
	},
	"objects": [
		{
			"class": "obj3",
			"instance_id": 0,
			"visibility": 1,
			"location": [ -13.320599555969238, -2.432499885559082, 16.142799377441406 ],
			"quaternion_xyzw": [ -0.21539999544620514, 0.31290000677108765, 0.61449998617172241, 0.69139999151229858 ],
			"pose_transform": [
				[ 0.16789999604225159, 0.68239998817443848, 0.71149998903274536, 0 ],
				[ 0.048900000751018524, 0.7150999903678894, -0.6973000168800354, 0 ],
				[ 0.9846000075340271, -0.15189999341964722, -0.086699999868869781, 0 ],
				[ -13.320599555969238, -2.432499885559082, 16.142799377441406, 1 ]
			],
			"cuboid_centroid": [ -13.543999671936035, -2.0989000797271729, 15.853099822998047 ],
			"projected_cuboid_centroid": [ 640, 360 ],
			"bounding_box":
			{
				"top_left": [ 360, 640 ],
				"bottom_right": [ 360, 640 ]
			},
			"cuboid": [
				[ -11.328900337219238, -0.24050000309944153, 15.955100059509277 ],
				[ -11.462599754333496, -2.1942999362945557, 17.86039924621582 ],
				[ -15.183899879455566, -1.6201000213623047, 18.187999725341797 ],
				[ -15.050200462341309, 0.33370000123977661, 16.282699584960938 ],
				[ -11.90410041809082, -2.5776998996734619, 13.518099784851074 ],
				[ -12.037799835205078, -4.5314998626708984, 15.423500061035156 ],
				[ -15.758999824523926, -3.9572999477386475, 15.751099586486816 ],
				[ -15.625300407409668, -2.0035998821258545, 13.845700263977051 ]
			],
			"projected_cuboid": [
				[ 640, 360 ],
				[ 640, 360 ],
				[ 640, 360 ],
				[ 640, 360 ],
				[ 640, 360 ],
				[ 640, 360 ],
				[ 640, 360 ],
				[ 640, 360 ]
			]
		}
	]
}