{
	"camera_data":
	{
		"location_worldframe": [ 0, 6, 0 ],
		"quaternion_xyzw_worldframe": [ 0, 0, 0, 1 ]
	},
	"objects": [
		{
			"class": "obj3",
			"instance_id": 0,
			"visibility": 1,
			"location": [ -6, 0, 20 ],
			"quaternion_xyzw": [ 0.087700001895427704, 0.84439998865127563, -0.14579999446868896, 0.50800001621246338 ],
			"pose_transform": [
				[ 0.83230000734329224, -0.33520001173019409, -0.44139999151229858, 0 ],
				[ -0.46860000491142273, 0, -0.88340002298355103, 0 ],
				[ -0.29620000720024109, -0.94209998846054077, 0.15710000693798065, 0 ],
				[ -6, 0, 20, 1 ]
			],
			"cuboid_centroid": [ -6.1419000625610352, 0.23669999837875366, 19.588899612426758 ],
			"projected_cuboid_centroid": [ 640, 360 ],
			"bounding_box":
			{
				"top_left": [ 360, 640 ],
				"bottom_right": [ 360, 640 ]
			},
			"cuboid": [
				[ -5.9162998199462891, -2.1177999973297119, 17.92289924621582 ],
				[ -4.6360998153686523, -2.1177999973297119, 20.336700439453125 ],
				[ -3.5167000293731689, 1.4429999589920044, 19.743000030517578 ],
				[ -4.7968997955322266, 1.4429999589920044, 17.329200744628906 ],
				[ -8.7671003341674805, -0.96950000524520874, 19.434900283813477 ],
				[ -7.4868998527526855, -0.96950000524520874, 21.848699569702148 ],
				[ -6.367499828338623, 2.5912001132965088, 21.254999160766602 ],
				[ -7.6477999687194824, 2.5912001132965088, 18.84119987487793 ]
			],
			"projected_cuboid": [
				[ 640, 360 ],
				[ 640, 360 ],
				[ 640, 360 ],
				[ 640, 360 ],
				[ 640, 360 ],
				[ 640, 360 ],
				[ 640, 360 ],
				[ 640, 360 ]
			]
		}
	]
}