{
	"camera_data":
	{
		"location_worldframe": [ 0, 0, 0 ],
		"quaternion_xyzw_worldframe": [ -0.0076999999582767487, -0.082900002598762512, -0.092299997806549072, 0.99220001697540283 ]
	},
	"objects": [
		{
			"class": "obj3",
			"instance_id": 0,
			"visibility": 1,
			"location": [ -5.0367999076843262, -1.5607999563217163, 17.096500396728516 ],
			"quaternion_xyzw": [ -0.10589999705553055, 0.38429999351501465, -0.87660002708435059, 0.26969999074935913 ],
			"pose_transform": [
				[ 0.39300000667572021, -0.61650002002716064, 0.68229997158050537, 0 ],
				[ -0.8320000171661377, -0.55430001020431519, -0.021600000560283661, 0 ],
				[ -0.39149999618530273, 0.5591999888420105, 0.73079997301101685, 0 ],
				[ -5.0367999076843262, -1.5607999563217163, 17.096500396728516, 1 ]
			],
			"cuboid_centroid": [ -5.3045001029968262, -1.9263999462127686, 16.896900177001953 ],
			"projected_cuboid_centroid": [ 439.08419799804688, 287.03469848632813 ],
			"bounding_box":
			{
				"top_left": [ 182.28759765625, 361.55770874023438 ],
				"bottom_right": [ 391.66360473632813, 531.7825927734375 ]
			},
			"cuboid": [
				[ -6.5078001022338867, -2.6826999187469482, 19.416900634765625 ],
				[ -4.2343997955322266, -1.1682000160217285, 19.475799560546875 ],
				[ -2.7548999786376953, -3.2815999984741211, 16.713800430297852 ],
				[ -5.0282998085021973, -4.7961997985839844, 16.654899597167969 ],
				[ -7.8540000915527344, -0.57109999656677246, 17.080099105834961 ],
				[ -5.5806999206542969, 0.94340002536773682, 17.138999938964844 ],
				[ -4.101099967956543, -1.1699999570846558, 14.376899719238281 ],
				[ -6.3744997978210449, -2.6846001148223877, 14.317999839782715 ]
			],
			"projected_cuboid": [
				[ 425.4967041015625, 271.57479858398438 ],
				[ 500.8511962890625, 321.61129760742188 ],
				[ 534.509521484375, 234.33970642089844 ],
				[ 446.777099609375, 175.69659423828125 ],
				[ 345.70550537109375, 338.599609375 ],
				[ 431.60848999023438, 395.22808837890625 ],
				[ 457.43499755859375, 307.914306640625 ],
				[ 355.06680297851563, 240.00270080566406 ]
			]
		}
	]
}