{
	"camera_data":
	{
		"location_worldframe": [ 1.2467999458312988, 5.8689999580383301, 0 ],
		"quaternion_xyzw_worldframe": [ -0.009100000374019146, -0.087099999189376831, -0.10409999638795853, 0.99070000648498535 ]
	},
	"objects": [
		{
			"class": "obj3",
			"instance_id": 0,
			"visibility": 1,
			"location": [ -5.5405998229980469, 0.79780000448226929, 24.372100830078125 ],
			"quaternion_xyzw": [ -0.34779998660087585, 0.53070002794265747, -0.63950002193450928, -0.43399998545646667 ],
			"pose_transform": [
				[ -0.015900000929832458, -0.98070001602172852, 0.19480000436306, 0 ],
				[ -0.38130000233650208, 0.18600000441074371, 0.90549999475479126, 0 ],
				[ 0.92430001497268677, 0.059799998998641968, 0.37700000405311584, 0 ],
				[ -5.5405998229980469, 0.79780000448226929, 24.372100830078125, 1 ]
			],
			"cuboid_centroid": [ -5.9310998916625977, 0.87870001792907715, 24.665500640869141 ],
			"projected_cuboid_centroid": [ 640, 360 ],
			"bounding_box":
			{
				"top_left": [ 360, 640 ],
				"bottom_right": [ 360, 640 ]
			},
			"cuboid": [
				[ -4.7326998710632324, -0.43360000848770142, 26.94849967956543 ],
				[ -3.6907000541687012, -0.94190001487731934, 24.474399566650391 ],
				[ -7.1841001510620117, -1.1680999994277954, 23.049600601196289 ],
				[ -8.226099967956543, -0.65979999303817749, 25.523799896240234 ],
				[ -4.6781001091003418, 2.9256000518798828, 26.281400680541992 ],
				[ -3.6361000537872314, 2.4172999858856201, 23.807199478149414 ],
				[ -7.1294999122619629, 2.1910998821258545, 22.382499694824219 ],
				[ -8.1715002059936523, 2.6993999481201172, 24.856599807739258 ]
			],
			"projected_cuboid": [
				[ 640, 360 ],
				[ 640, 360 ],
				[ 640, 360 ],
				[ 640, 360 ],
				[ 640, 360 ],
				[ 640, 360 ],
				[ 640, 360 ],
				[ 640, 360 ]
			]
		}
	]
}