{
	"camera_data":
	{
		"location_worldframe": [ 0, 0, 0 ],
		"quaternion_xyzw_worldframe": [ -0.0076999999582767487, -0.077500000596046448, -0.098499998450279236, 0.99210000038146973 ]
	},
	"objects": [
		{
			"class": "obj3",
			"instance_id": 0,
			"visibility": 1,
			"location": [ 0.18539999425411224, 0.32339999079704285, 24.386699676513672 ],
			"quaternion_xyzw": [ -0.11429999768733978, -0.45759999752044678, -0.71050000190734863, 0.52219998836517334 ],
			"pose_transform": [
				[ -0.31560000777244568, 0.76959997415542603, 0.55500000715255737, 0 ],
				[ -0.42840000987052917, -0.63749998807907104, 0.6403999924659729, 0 ],
				[ -0.84670001268386841, 0.035700000822544098, -0.53090000152587891, 0 ],
				[ 0.18539999425411224, 0.32339999079704285, 24.386699676513672, 1 ]
			],
			"cuboid_centroid": [ 0.2143000066280365, 0.028400000184774399, 24.783300399780273 ],
			"projected_cuboid_centroid": [ 645.5347900390625, 360.73269653320313 ],
			"bounding_box":
			{
				"top_left": [ 311.25869750976563, 583.92889404296875 ],
				"bottom_right": [ 416.79251098632813, 718.24188232421875 ]
			},
			"cuboid": [
				[ -2.5114998817443848, 0.54290002584457397, 25.605400085449219 ],
				[ -1.340999960899353, 2.2848000526428223, 23.85569953918457 ],
				[ 1.8590999841690063, 2.149899959564209, 25.862300872802734 ],
				[ 0.68849998712539673, 0.40810000896453857, 27.61199951171875 ],
				[ -1.430400013923645, -2.0931999683380127, 23.704200744628906 ],
				[ -0.25990000367164612, -0.35130000114440918, 21.954599380493164 ],
				[ 2.9400999546051025, -0.4862000048160553, 23.961200714111328 ],
				[ 1.7696000337600708, -2.2279999256134033, 25.710800170898438 ]
			],
			"projected_cuboid": [
				[ 577.22662353515625, 373.56961059570313 ],
				[ 604.0250244140625, 421.29550170898438 ],
				[ 686.00518798828125, 413.20339965820313 ],
				[ 655.95947265625, 369.45858764648438 ],
				[ 601.37982177734375, 303.4849853515625 ],
				[ 632.4237060546875, 349.75830078125 ],
				[ 718.53021240234375, 347.014892578125 ],
				[ 684.04949951171875, 304.53970336914063 ]
			]
		}
	]
}