{
	"camera_data":
	{
		"location_worldframe": [ 0, 6, 0 ],
		"quaternion_xyzw_worldframe": [ 0, 0, 0, 1 ]
	},
	"objects": [
		{
			"class": "obj3",
			"instance_id": 0,
			"visibility": 1,
			"location": [ -6, 0, 20 ],
			"quaternion_xyzw": [ 0.0081000002101063728, 0.70139998197555542, -0.0080000003799796104, 0.7127000093460083 ],
			"pose_transform": [
				[ 0.99959999322891235, -0.022800000384449959, 0.015900000929832458, 0 ],
				[ 0.015900000929832458, 0, -0.99989998340606689, 0 ],
				[ -0.022800000384449959, -0.99970000982284546, -0.00039999998989515007, 0 ],
				[ -6, 0, 20, 1 ]
			],
			"cuboid_centroid": [ -6.0036001205444336, 0.24590000510215759, 19.570199966430664 ],
			"projected_cuboid_centroid": [ 640, 360 ],
			"bounding_box":
			{
				"top_left": [ 360, 640 ],
				"bottom_right": [ 360, 640 ]
			},
			"cuboid": [
				[ -4.3130002021789551, -1.6825000047683716, 18.230800628662109 ],
				[ -4.3564000129699707, -1.6825000047683716, 20.962699890136719 ],
				[ -4.2701997756958008, 2.0959999561309814, 20.964099884033203 ],
				[ -4.2267999649047852, 2.0959999561309814, 18.232099533081055 ],
				[ -7.7368998527526855, -1.6043000221252441, 18.176399230957031 ],
				[ -7.7803001403808594, -1.6043000221252441, 20.90839958190918 ],
				[ -7.6940999031066895, 2.1742000579833984, 20.909700393676758 ],
				[ -7.6507000923156738, 2.1742000579833984, 18.177799224853516 ]
			],
			"projected_cuboid": [
				[ 640, 360 ],
				[ 640, 360 ],
				[ 640, 360 ],
				[ 640, 360 ],
				[ 640, 360 ],
				[ 640, 360 ],
				[ 640, 360 ],
				[ 640, 360 ]
			]
		}
	]
}