{
	"camera_data":
	{
		"location_worldframe": [ 1.1800999641418457, 5.8828001022338867, 0 ],
		"quaternion_xyzw_worldframe": [ -0.0076999999582767487, -0.077500000596046448, -0.098499998450279236, 0.99210000038146973 ]
	},
	"objects": [
		{
			"class": "obj3",
			"instance_id": 0,
			"visibility": 1,
			"location": [ -5.8145999908447266, 0.32339999079704285, 24.386699676513672 ],
			"quaternion_xyzw": [ -0.11429999768733978, -0.45759999752044678, -0.71050000190734863, 0.52219998836517334 ],
			"pose_transform": [
				[ -0.31560000777244568, 0.76959997415542603, 0.55500000715255737, 0 ],
				[ -0.42840000987052917, -0.63749998807907104, 0.6403999924659729, 0 ],
				[ -0.84670001268386841, 0.035700000822544098, -0.53090000152587891, 0 ],
				[ -5.8145999908447266, 0.32339999079704285, 24.386699676513672, 1 ]
			],
			"cuboid_centroid": [ -5.7856998443603516, 0.028400000184774399, 24.783300399780273 ],
			"projected_cuboid_centroid": [ 640, 360 ],
			"bounding_box":
			{
				"top_left": [ 360, 640 ],
				"bottom_right": [ 360, 640 ]
			},
			"cuboid": [
				[ -8.511500358581543, 0.54290002584457397, 25.605400085449219 ],
				[ -7.3410000801086426, 2.2848000526428223, 23.85569953918457 ],
				[ -4.1409001350402832, 2.149899959564209, 25.862300872802734 ],
				[ -5.311500072479248, 0.40810000896453857, 27.61199951171875 ],
				[ -7.4303998947143555, -2.0931999683380127, 23.704200744628906 ],
				[ -6.2599000930786133, -0.35130000114440918, 21.954599380493164 ],
				[ -3.0599000453948975, -0.4862000048160553, 23.961200714111328 ],
				[ -4.2304000854492188, -2.2279999256134033, 25.710800170898438 ]
			],
			"projected_cuboid": [
				[ 640, 360 ],
				[ 640, 360 ],
				[ 640, 360 ],
				[ 640, 360 ],
				[ 640, 360 ],
				[ 640, 360 ],
				[ 640, 360 ],
				[ 640, 360 ]
			]
		}
	]
}