{
	"camera_data":
	{
		"location_worldframe": [ 0.70499998331069946, 5.958399772644043, 0 ],
		"quaternion_xyzw_worldframe": [ -0.0043000001460313797, -0.072599999606609344, -0.058699999004602432, 0.99559998512268066 ]
	},
	"objects": [
		{
			"class": "obj3",
			"instance_id": 0,
			"visibility": 1,
			"location": [ -12.149100303649902, -1.9766999483108521, 16.684700012207031 ],
			"quaternion_xyzw": [ -0.19959999620914459, 0.34610000252723694, 0.61479997634887695, 0.68000000715255737 ],
			"pose_transform": [
				[ 0.22529999911785126, 0.69700002670288086, 0.68080002069473267, 0 ],
				[ 0.0044999998062849045, 0.69800001382827759, -0.71609997749328613, 0 ],
				[ 0.97430002689361572, -0.16429999470710754, -0.15410000085830688, 0 ],
				[ -12.149100303649902, -1.9766999483108521, 16.684700012207031, 1 ]
			],
			"cuboid_centroid": [ -12.390000343322754, -1.6476000547409058, 16.403999328613281 ],
			"projected_cuboid_centroid": [ 640, 360 ],
			"bounding_box":
			{
				"top_left": [ 360, 640 ],
				"bottom_right": [ 360, 640 ]
			},
			"cuboid": [
				[ -10.156900405883789, 0.18899999558925629, 16.300399780273438 ],
				[ -10.16919994354248, -1.7180999517440796, 18.256900787353516 ],
				[ -13.851499557495117, -1.0970000028610229, 18.839399337768555 ],
				[ -13.839300155639648, 0.81019997596740723, 16.882900238037109 ],
				[ -10.928500175476074, -2.198199987411499, 13.968500137329102 ],
				[ -10.940699577331543, -4.1054000854492188, 15.925100326538086 ],
				[ -14.623000144958496, -3.484299898147583, 16.507499694824219 ],
				[ -14.610799789428711, -1.5771000385284424, 14.550999641418457 ]
			],
			"projected_cuboid": [
				[ 640, 360 ],
				[ 640, 360 ],
				[ 640, 360 ],
				[ 640, 360 ],
				[ 640, 360 ],
				[ 640, 360 ],
				[ 640, 360 ],
				[ 640, 360 ]
			]
		}
	]
}