{
	"camera_data":
	{
		"location_worldframe": [ 0, 0, 0 ],
		"quaternion_xyzw_worldframe": [ -0.0065000001341104507, -0.079599998891353607, -0.081299997866153717, 0.9934999942779541 ]
	},
	"objects": [
		{
			"class": "obj3",
			"instance_id": 0,
			"visibility": 1,
			"location": [ -5.4046998023986816, -1.6962000131607056, 16.97089958190918 ],
			"quaternion_xyzw": [ -0.096100002527236938, 0.38409999012947083, -0.87589997053146362, 0.27590000629425049 ],
			"pose_transform": [
				[ 0.38029998540878296, -0.61979997158050537, 0.68650001287460327, 0 ],
				[ -0.82929998636245728, -0.55709999799728394, -0.043600000441074371, 0 ],
				[ -0.40939998626708984, 0.55279999971389771, 0.72579997777938843, 0 ],
				[ -5.4046998023986816, -1.6962000131607056, 16.97089958190918, 1 ]
			],
			"cuboid_centroid": [ -5.6665000915527344, -2.0613999366760254, 16.762899398803711 ],
			"projected_cuboid_centroid": [ 423.65509033203125, 281.29791259765625 ],
			"bounding_box":
			{
				"top_left": [ 175.63499450683594, 344.73019409179688 ],
				"bottom_right": [ 386.6702880859375, 517.5758056640625 ]
			},
			"cuboid": [
				[ -6.9219999313354492, -2.8392999172210693, 19.250699996948242 ],
				[ -4.656099796295166, -1.3171999454498291, 19.369800567626953 ],
				[ -3.1085999011993408, -3.4063000679016113, 16.626499176025391 ],
				[ -5.3744997978210449, -4.9284000396728516, 16.507499694824219 ],
				[ -8.2244997024536133, -0.71640002727508545, 16.899299621582031 ],
				[ -5.9584999084472656, 0.80570000410079956, 17.018400192260742 ],
				[ -4.4109997749328613, -1.2834999561309814, 14.275099754333496 ],
				[ -6.6768999099731445, -2.8055999279022217, 14.156100273132324 ]
			],
			"projected_cuboid": [
				[ 409.87368774414063, 265.60650634765625 ],
				[ 486.15740966796875, 316.47918701171875 ],
				[ 520.34271240234375, 228.8822021484375 ],
				[ 431.62860107421875, 168.92349243164063 ],
				[ 328.52810668945313, 332.86770629882813 ],
				[ 415.92111206054688, 390.29888916015625 ],
				[ 442.24020385742188, 302.45870971679688 ],
				[ 338.13308715820313, 233.1593017578125 ]
			]
		}
	]
}