{
	"camera_data":
	{
		"location_worldframe": [ 0, 0, 0 ],
		"quaternion_xyzw_worldframe": [ 0, 0, 0, 1 ]
	},
	"objects": [
		{
			"class": "obj3",
			"instance_id": 0,
			"visibility": 1,
			"location": [ 0, 0, 20 ],
			"quaternion_xyzw": [ 0.0081000002101063728, 0.70139998197555542, -0.0080000003799796104, 0.7127000093460083 ],
			"pose_transform": [
				[ 0.99959999322891235, -0.022800000384449959, 0.015900000929832458, 0 ],
				[ 0.015900000929832458, 0, -0.99989998340606689, 0 ],
				[ -0.022800000384449959, -0.99970000982284546, -0.00039999998989515007, 0 ],
				[ 0, 0, 20, 1 ]
			],
			"cuboid_centroid": [ -0.003599999938160181, 0.24590000510215759, 19.570199966430664 ],
			"projected_cuboid_centroid": [ 639.8831787109375, 368.04000854492188 ],
			"bounding_box":
			{
				"top_left": [ 300.55740356445313, 577.37298583984375 ],
				"bottom_right": [ 438.63958740234375, 703.4376220703125 ]
			},
			"cuboid": [
				[ 1.687000036239624, -1.6825000047683716, 18.230800628662109 ],
				[ 1.6435999870300293, -1.6825000047683716, 20.962699890136719 ],
				[ 1.7297999858856201, 2.0959999561309814, 20.964099884033203 ],
				[ 1.7732000350952148, 2.0959999561309814, 18.232099533081055 ],
				[ -1.7368999719619751, -1.6043000221252441, 18.176399230957031 ],
				[ -1.7803000211715698, -1.6043000221252441, 20.90839958190918 ],
				[ -1.694100022315979, 2.1742000579833984, 20.909700393676758 ],
				[ -1.6506999731063843, 2.1742000579833984, 18.177799224853516 ]
			],
			"projected_cuboid": [
				[ 699.22161865234375, 300.93609619140625 ],
				[ 690.17919921875, 308.63360595703125 ],
				[ 692.80718994140625, 423.989013671875 ],
				[ 702.2427978515625, 433.577392578125 ],
				[ 578.84222412109375, 303.51010131835938 ],
				[ 585.5054931640625, 310.89129638671875 ],
				[ 588.147216796875, 426.5465087890625 ],
				[ 581.8814697265625, 436.54791259765625 ]
			]
		}
	]
}