{
	"camera_data":
	{
		"location_worldframe": [ 0, 0, 0 ],
		"quaternion_xyzw_worldframe": [ -0.011300000362098217, -0.099699996411800385, -0.11190000176429749, 0.98860001564025879 ]
	},
	"objects": [
		{
			"class": "obj3",
			"instance_id": 0,
			"visibility": 1,
			"location": [ -0.1859000027179718, -0.35559999942779541, 21.981599807739258 ],
			"quaternion_xyzw": [ -0.82819998264312744, -0.44260001182556152, 0.32210001349449158, -0.1200999990105629 ],
			"pose_transform": [
				[ -0.42730000615119934, -0.48410001397132874, -0.76359999179840088, 0 ],
				[ 0.40070000290870667, 0.65570002794265747, -0.63990002870559692, 0 ],
				[ -0.81050002574920654, 0.57940000295639038, 0.08619999885559082, 0 ],
				[ -0.1859000027179718, -0.35559999942779541, 21.981599807739258, 1 ]
			],
			"cuboid_centroid": [ 0.19210000336170197, -0.20839999616146088, 21.697700500488281 ],
			"projected_cuboid_centroid": [ 645.66619873046875, 353.85409545898438 ],
			"bounding_box":
			{
				"top_left": [ 270.49990844726563, 561.1409912109375 ],
				"bottom_right": [ 418.18099975585938, 723.5880126953125 ]
			},
			"cuboid": [
				[ -1.5236999988555908, 0.95340001583099365, 19.678600311279297 ],
				[ -2.6187000274658203, -0.83819997310638428, 21.426900863647461 ],
				[ 0.44449999928474426, -3.0281000137329102, 21.101200103759766 ],
				[ 1.5393999814987183, -1.2365000247955322, 19.352899551391602 ],
				[ -0.060300000011920929, 2.6113998889923096, 22.294200897216797 ],
				[ -1.1552000045776367, 0.81980001926422119, 24.042499542236328 ],
				[ 1.9078999757766724, -1.3701000213623047, 23.716800689697266 ],
				[ 3.0028998851776123, 0.42149999737739563, 21.968500137329102 ]
			],
			"projected_cuboid": [
				[ 590.444091796875, 391.00689697265625 ],
				[ 561.78277587890625, 334.96319580078125 ],
				[ 653.4805908203125, 268.1571044921875 ],
				[ 690.908203125, 319.10888671875 ],
				[ 638.2698974609375, 434.96530151367188 ],
				[ 609.2489013671875, 381.82199096679688 ],
				[ 691.48590087890625, 323.02719116210938 ],
				[ 727.4818115234375, 372.279296875 ]
			]
		}
	]
}