{
	"camera_data":
	{
		"location_worldframe": [ 0, 0, 0 ],
		"quaternion_xyzw_worldframe": [ 0, 0, 0, 1 ]
	},
	"objects": [
		{
			"class": "obj3",
			"instance_id": 0,
			"visibility": 1,
			"location": [ 0, 0, 20 ],
			"quaternion_xyzw": [ -0.032099999487400055, 0.6600000262260437, 0.028200000524520874, 0.75 ],
			"pose_transform": [
				[ 0.98830002546310425, 0.085400000214576721, 0.12669999897480011, 0 ],
				[ 0.12720000743865967, 0, -0.99190002679824829, 0 ],
				[ 0.084700003266334534, -0.99629998207092285, 0.010900000110268593, 0 ],
				[ 0, 0, 20, 1 ]
			],
			"cuboid_centroid": [ 0.017999999225139618, 0.24330000579357147, 19.569099426269531 ],
			"projected_cuboid_centroid": [ 640.5897216796875, 367.95660400390625 ],
			"bounding_box":
			{
				"top_left": [ 296.15350341796875, 574.81427001953125 ],
				"bottom_right": [ 440.7301025390625, 708.4879150390625 ]
			},
			"cuboid": [
				[ 2.0443000793457031, -1.4932999610900879, 18.45159912109375 ],
				[ 1.6969000101089478, -1.4932999610900879, 21.161699295043945 ],
				[ 1.3767000436782837, 2.27239990234375, 21.120700836181641 ],
				[ 1.7242000102996826, 2.27239990234375, 18.410600662231445 ],
				[ -1.3406000137329102, -1.7857999801635742, 18.017599105834961 ],
				[ -1.6880999803543091, -1.7857999801635742, 20.727699279785156 ],
				[ -2.0083000659942627, 1.9799000024795532, 20.686700820922852 ],
				[ -1.6607999801635742, 1.9799000024795532, 17.976600646972656 ]
			],
			"projected_cuboid": [
				[ 710.90850830078125, 308.20440673828125 ],
				[ 691.31829833984375, 314.83779907226563 ],
				[ 681.71661376953125, 428.85809326171875 ],
				[ 699.93719482421875, 438.99429321289063 ],
				[ 592.37957763671875, 296.56631469726563 ],
				[ 587.8765869140625, 304.860107421875 ],
				[ 577.8682861328125, 421.25299072265625 ],
				[ 580.8726806640625, 430.4873046875 ]
			]
		}
	]
}