{
	"camera_data":
	{
		"location_worldframe": [ 0, 0, 0 ],
		"quaternion_xyzw_worldframe": [ -0.010900000110268593, -0.097499996423721313, -0.11010000109672546, 0.98909997940063477 ]
	},
	"objects": [
		{
			"class": "obj3",
			"instance_id": 0,
			"visibility": 1,
			"location": [ 0.76020002365112305, 1.3130999803543091, 24.342300415039063 ],
			"quaternion_xyzw": [ -0.34639999270439148, 0.52170002460479736, -0.64249998331069946, -0.44170001149177551 ],
			"pose_transform": [
				[ -0.015699999406933784, -0.97630000114440918, 0.21570000052452087, 0 ],
				[ -0.36980000138282776, 0.20610000193119049, 0.90600001811981201, 0 ],
				[ 0.92900002002716064, 0.065600000321865082, 0.36430001258850098, 0 ],
				[ 0.76020002365112305, 1.3130999803543091, 24.342300415039063, 1 ]
			],
			"cuboid_centroid": [ 0.3734000027179718, 1.4011000394821167, 24.638599395751953 ],
			"projected_cuboid_centroid": [ 649.7000732421875, 396.3953857421875 ],
			"bounding_box":
			{
				"top_left": [ 340.63619995117188, 591.74658203125 ],
				"bottom_right": [ 446.03298950195313, 715.18170166015625 ]
			},
			"cuboid": [
				[ 1.5968999862670898, 0.13459999859333038, 26.934099197387695 ],
				[ 2.6073000431060791, -0.428600013256073, 24.458799362182617 ],
				[ -0.90380001068115234, -0.67640000581741333, 23.082000732421875 ],
				[ -1.9141999483108521, -0.11320000141859055, 25.557300567626953 ],
				[ 1.6505999565124512, 3.4786999225616455, 26.195199966430664 ],
				[ 2.6610000133514404, 2.9154999256134033, 23.719900131225586 ],
				[ -0.85000002384185791, 2.6677000522613525, 22.343099594116211 ],
				[ -1.8604999780654907, 3.2309000492095947, 24.818399429321289 ]
			],
			"projected_cuboid": [
				[ 677.94512939453125, 363.19781494140625 ],
				[ 708.2244873046875, 348.785400390625 ],
				[ 614.94158935546875, 341.2449951171875 ],
				[ 592.06597900390625, 357.16409301757813 ],
				[ 680.32769775390625, 444.99130249023438 ],
				[ 711.798828125, 438.66571044921875 ],
				[ 615.65130615234375, 436.41448974609375 ],
				[ 592.0238037109375, 443.31549072265625 ]
			]
		}
	]
}