{
	"camera_data":
	{
		"location_worldframe": [ 0.26669999957084656, 5.9941000938415527, 0 ],
		"quaternion_xyzw_worldframe": [ -0.00139999995008111, -0.060899998992681503, -0.022199999541044235, 0.99790000915527344 ]
	},
	"objects": [
		{
			"class": "obj3",
			"instance_id": 0,
			"visibility": 1,
			"location": [ -6, 0, 11.51930046081543 ],
			"quaternion_xyzw": [ 0.54850000143051147, 0.56999999284744263, 0.50029999017715454, -0.35190001130104065 ],
			"pose_transform": [
				[ 0.1476999968290329, 0.95649999380111694, -0.2515999972820282, 0 ],
				[ -0.15049999952316284, 0.27320000529289246, 0.95010000467300415, 0 ],
				[ -0.97750002145767212, 0.10239999741315842, -0.1843000054359436, 0 ],
				[ -6, 0, 11.51930046081543, 1 ]
			],
			"cuboid_centroid": [ -5.8270001411437988, 0.076899997889995575, 11.976799964904785 ],
			"projected_cuboid_centroid": [ 640, 360 ],
			"bounding_box":
			{
				"top_left": [ 360, 640 ],
				"bottom_right": [ 360, 640 ]
			},
			"cuboid": [
				[ -7.6270999908447266, 2.2818000316619873, 12.495499610900879 ],
				[ -7.2157998085021973, 1.5353000164031982, 9.8994998931884766 ],
				[ -3.5211999416351318, 1.1483000516891479, 10.596199989318848 ],
				[ -3.932499885559082, 1.8947000503540039, 13.19219970703125 ],
				[ -8.1328001022338867, -0.9944000244140625, 13.357399940490723 ],
				[ -7.7214999198913574, -1.7409000396728516, 10.761500358581543 ],
				[ -4.0269999504089355, -2.1278998851776123, 11.458100318908691 ],
				[ -4.4383001327514648, -1.3813999891281128, 14.054100036621094 ]
			],
			"projected_cuboid": [
				[ 640, 360 ],
				[ 640, 360 ],
				[ 640, 360 ],
				[ 640, 360 ],
				[ 640, 360 ],
				[ 640, 360 ],
				[ 640, 360 ],
				[ 640, 360 ]
			]
		}
	]
}