{
	"camera_data":
	{
		"location_worldframe": [ 0.97539997100830078, 5.9201998710632324, 0 ],
		"quaternion_xyzw_worldframe": [ -0.0065000001341104507, -0.079599998891353607, -0.081299997866153717, 0.9934999942779541 ]
	},
	"objects": [
		{
			"class": "obj3",
			"instance_id": 0,
			"visibility": 1,
			"location": [ -11.40470027923584, -1.6962000131607056, 16.97089958190918 ],
			"quaternion_xyzw": [ -0.096100002527236938, 0.38409999012947083, -0.87589997053146362, 0.27590000629425049 ],
			"pose_transform": [
				[ 0.38029998540878296, -0.61979997158050537, 0.68650001287460327, 0 ],
				[ -0.82929998636245728, -0.55709999799728394, -0.043600000441074371, 0 ],
				[ -0.40939998626708984, 0.55279999971389771, 0.72579997777938843, 0 ],
				[ -11.40470027923584, -1.6962000131607056, 16.97089958190918, 1 ]
			],
			"cuboid_centroid": [ -11.666500091552734, -2.0613999366760254, 16.762899398803711 ],
			"projected_cuboid_centroid": [ 640, 360 ],
			"bounding_box":
			{
				"top_left": [ 360, 640 ],
				"bottom_right": [ 360, 640 ]
			},
			"cuboid": [
				[ -12.921999931335449, -2.8392999172210693, 19.250699996948242 ],
				[ -10.656100273132324, -1.3171999454498291, 19.369800567626953 ],
				[ -9.1085996627807617, -3.4063000679016113, 16.626499176025391 ],
				[ -11.374500274658203, -4.9284000396728516, 16.507499694824219 ],
				[ -14.224499702453613, -0.71640002727508545, 16.899299621582031 ],
				[ -11.958499908447266, 0.80570000410079956, 17.018400192260742 ],
				[ -10.41100025177002, -1.2834999561309814, 14.275099754333496 ],
				[ -12.676899909973145, -2.8055999279022217, 14.156100273132324 ]
			],
			"projected_cuboid": [
				[ 640, 360 ],
				[ 640, 360 ],
				[ 640, 360 ],
				[ 640, 360 ],
				[ 640, 360 ],
				[ 640, 360 ],
				[ 640, 360 ],
				[ 640, 360 ]
			]
		}
	]
}