{
	"camera_data":
	{
		"location_worldframe": [ 0, 6, 0 ],
		"quaternion_xyzw_worldframe": [ 0, 0, 0, 1 ]
	},
	"objects": [
		{
			"class": "obj3",
			"instance_id": 0,
			"visibility": 1,
			"location": [ -6, 0, 20 ],
			"quaternion_xyzw": [ -0.032099999487400055, 0.6600000262260437, 0.028200000524520874, 0.75 ],
			"pose_transform": [
				[ 0.98830002546310425, 0.085400000214576721, 0.12669999897480011, 0 ],
				[ 0.12720000743865967, 0, -0.99190002679824829, 0 ],
				[ 0.084700003266334534, -0.99629998207092285, 0.010900000110268593, 0 ],
				[ -6, 0, 20, 1 ]
			],
			"cuboid_centroid": [ -5.9819998741149902, 0.24330000579357147, 19.569099426269531 ],
			"projected_cuboid_centroid": [ 640, 360 ],
			"bounding_box":
			{
				"top_left": [ 360, 640 ],
				"bottom_right": [ 360, 640 ]
			},
			"cuboid": [
				[ -3.9556999206542969, -1.4932999610900879, 18.45159912109375 ],
				[ -4.3031001091003418, -1.4932999610900879, 21.161699295043945 ],
				[ -4.6233000755310059, 2.27239990234375, 21.120700836181641 ],
				[ -4.2758002281188965, 2.27239990234375, 18.410600662231445 ],
				[ -7.3406000137329102, -1.7857999801635742, 18.017599105834961 ],
				[ -7.6880998611450195, -1.7857999801635742, 20.727699279785156 ],
				[ -8.0082998275756836, 1.9799000024795532, 20.686700820922852 ],
				[ -7.6607999801635742, 1.9799000024795532, 17.976600646972656 ]
			],
			"projected_cuboid": [
				[ 640, 360 ],
				[ 640, 360 ],
				[ 640, 360 ],
				[ 640, 360 ],
				[ 640, 360 ],
				[ 640, 360 ],
				[ 640, 360 ],
				[ 640, 360 ]
			]
		}
	]
}