{
	"camera_data":
	{
		"location_worldframe": [ 0, 0, 0 ],
		"quaternion_xyzw_worldframe": [ -0.0054000001400709152, -0.076099999248981476, -0.070000000298023224, 0.99459999799728394 ]
	},
	"objects": [
		{
			"class": "obj3",
			"instance_id": 0,
			"visibility": 1,
			"location": [ -5.7795000076293945, -1.8365000486373901, 16.832199096679688 ],
			"quaternion_xyzw": [ -0.085900001227855682, 0.383899986743927, -0.875, 0.28209999203681946 ],
			"pose_transform": [
				[ 0.3668999969959259, -0.62339997291564941, 0.69050002098083496, 0 ],
				[ -0.82609999179840088, -0.55959999561309814, -0.066200003027915955, 0 ],
				[ -0.42770001292228699, 0.54610002040863037, 0.72030001878738403, 0 ],
				[ -5.7795000076293945, -1.8365000486373901, 16.832199096679688, 1 ]
			],
			"cuboid_centroid": [ -6.0352997779846191, -2.2009999752044678, 16.615800857543945 ],
			"projected_cuboid_centroid": [ 407.53399658203125, 275.22198486328125 ],
			"bounding_box":
			{
				"top_left": [ 168.53460693359375, 327.05050659179688 ],
				"bottom_right": [ 381.43548583984375, 502.818603515625 ]
			},
			"cuboid": [
				[ -7.3436999320983887, -3.0011000633239746, 19.069000244140625 ],
				[ -5.0865998268127441, -1.4720000028610229, 19.25 ],
				[ -3.470099925994873, -3.536099910736084, 16.527599334716797 ],
				[ -5.7272000312805176, -5.0651001930236816, 16.346700668334961 ],
				[ -8.6006002426147461, -0.86599999666213989, 16.703899383544922 ],
				[ -6.3434000015258789, 0.66310000419616699, 16.884899139404297 ],
				[ -4.7269001007080078, -1.4010000228881836, 14.162500381469727 ],
				[ -6.9840002059936523, -2.9300000667572021, 13.981599807739258 ]
			],
			"projected_cuboid": [
				[ 393.527587890625, 259.27670288085938 ],
				[ 470.8865966796875, 311.06069946289063 ],
				[ 505.6278076171875, 223.07330322265625 ],
				[ 415.77020263671875, 161.69149780273438 ],
				[ 310.47549438476563, 326.8203125 ],
				[ 399.560302734375, 385.1339111328125 ],
				[ 426.39279174804688, 296.69131469726563 ],
				[ 320.30950927734375, 225.87890625 ]
			]
		}
	]
}