{
	"camera_data":
	{
		"location_worldframe": [ 0, 0, 0 ],
		"quaternion_xyzw_worldframe": [ 0, 0, 0, 1 ]
	},
	"objects": [
		{
			"class": "obj3",
			"instance_id": 0,
			"visibility": 1,
			"location": [ 0, 0, 20 ],
			"quaternion_xyzw": [ -0.0098000001162290573, 0.77549999952316284, 0.012000000104308128, 0.63109999895095825 ],
			"pose_transform": [
				[ 0.97869998216629028, 0.030899999663233757, -0.20299999415874481, 0 ],
				[ -0.20309999585151672, 0, -0.97909998893737793, 0 ],
				[ 0.030300000682473183, -0.99949997663497925, -0.0063000000081956387, 0 ],
				[ 0, 0, 20, 1 ]
			],
			"cuboid_centroid": [ -0.1103999987244606, 0.24490000307559967, 19.584100723266602 ],
			"projected_cuboid_centroid": [ 636.39312744140625, 368.00448608398438 ],
			"bounding_box":
			{
				"top_left": [ 301.11700439453125, 570.28741455078125 ],
				"bottom_right": [ 440.05169677734375, 701.2799072265625 ]
			},
			"cuboid": [
				[ 1.3453999757766724, -1.590999960899353, 17.886800765991211 ],
				[ 1.9004000425338745, -1.590999960899353, 20.562200546264648 ],
				[ 1.7861000299453735, 2.1867001056671143, 20.585899353027344 ],
				[ 1.2309999465942383, 2.1867001056671143, 17.910600662231445 ],
				[ -2.0067999362945557, -1.6967999935150146, 18.582300186157227 ],
				[ -1.45169997215271, -1.6967999935150146, 21.257600784301758 ],
				[ -1.566100001335144, 2.0808999538421631, 21.281400680541992 ],
				[ -2.1212000846862793, 2.0808999538421631, 18.606000900268555 ]
			],
			"projected_cuboid": [
				[ 688.13818359375, 303.07400512695313 ],
				[ 699.15130615234375, 310.4805908203125 ],
				[ 695.5272216796875, 427.9833984375 ],
				[ 683.98748779296875, 438.13821411132813 ],
				[ 570.88311767578125, 301.55859375 ],
				[ 596.2926025390625, 308.91360473632813 ],
				[ 592.90179443359375, 422.57809448242188 ],
				[ 567.0369873046875, 431.57611083984375 ]
			]
		}
	]
}