{
	"camera_data":
	{
		"location_worldframe": [ 0, 0, 0 ],
		"quaternion_xyzw_worldframe": [ -0.0043000001460313797, -0.072599999606609344, -0.058699999004602432, 0.99559998512268066 ]
	},
	"objects": [
		{
			"class": "obj3",
			"instance_id": 0,
			"visibility": 1,
			"location": [ -6.1490998268127441, -1.9766999483108521, 16.684700012207031 ],
			"quaternion_xyzw": [ -0.19959999620914459, 0.34610000252723694, 0.61479997634887695, 0.68000000715255737 ],
			"pose_transform": [
				[ 0.22529999911785126, 0.69700002670288086, 0.68080002069473267, 0 ],
				[ 0.0044999998062849045, 0.69800001382827759, -0.71609997749328613, 0 ],
				[ 0.97430002689361572, -0.16429999470710754, -0.15410000085830688, 0 ],
				[ -6.1490998268127441, -1.9766999483108521, 16.684700012207031, 1 ]
			],
			"cuboid_centroid": [ -6.3899998664855957, -1.6476000547409058, 16.403999328613281 ],
			"projected_cuboid_centroid": [ 390.69509887695313, 295.71859741210938 ],
			"bounding_box":
			{
				"top_left": [ 198.7716064453125, 265.58551025390625 ],
				"bottom_right": [ 378.23660278320313, 496.702392578125 ]
			},
			"cuboid": [
				[ -4.1568999290466309, 0.18899999558925629, 16.300399780273438 ],
				[ -4.1691999435424805, -1.7180999517440796, 18.256900787353516 ],
				[ -7.8515000343322754, -1.0970000028610229, 18.839399337768555 ],
				[ -7.8393001556396484, 0.81019997596740723, 16.882900238037109 ],
				[ -4.9285001754760742, -2.198199987411499, 13.968500137329102 ],
				[ -4.9407000541687012, -4.1054000854492188, 15.925100326538086 ],
				[ -8.6230001449584961, -3.484299898147583, 16.507499694824219 ],
				[ -8.6107997894287109, -1.5771000385284424, 14.550999641418457 ]
			],
			"projected_cuboid": [
				[ 476.787109375, 367.42190551757813 ],
				[ 493.84939575195313, 299.77059936523438 ],
				[ 373.27450561523438, 322.73440551757813 ],
				[ 342.82760620117188, 390.7130126953125 ],
				[ 414.190185546875, 259.28228759765625 ],
				[ 441.44140625, 195.01089477539063 ],
				[ 305.68341064453125, 224.91499328613281 ],
				[ 261.26889038085938, 290.63461303710938 ]
			]
		}
	]
}