{
	"exported_object_classes": [
		"obj3"
	],
	"exported_objects": [
		{
			"class": "obj3",
			"segmentation_class_id": 6,
			"segmentation_instance_id": 0,
			"fixed_model_transform": [
				[ 0, 0, 100, 0 ],
				[ -100, 0, 0, 0 ],
				[ 0, -100, 0, 0 ],
				[ 0, 0, 20, 1 ]
			],
			"cuboid_dimensions": [ 2.7323000431060791, 3.7795000076293945, 3.4251999855041504 ]
		}
	]
}