{
	"exported_object_classes": [
		"obj3"
	],
	"exported_objects": [
		{
			"class": "obj3",
			"segmentation_class_id": 6,
			"segmentation_instance_id": 0,
			"fixed_model_transform": [
				[ 97.542900085449219, -21.954200744628906, 1.8418999910354614, 0 ],
				[ -1.8880000114440918, 0, 99.982200622558594, 0 ],
				[ -21.950300216674805, -97.560302734375, -0.41449999809265137, 0 ],
				[ 0, 0, 20, 1 ]
			],
			"cuboid_dimensions": [ 2.7323000431060791, 3.7795000076293945, 3.4251999855041504 ]
		}
	]
}