{
	"camera_data":
	{
		"location_worldframe": [ 0, 6, 0 ],
		"quaternion_xyzw_worldframe": [ 0, 0, 0, 1 ]
	},
	"objects": [
		{
			"class": "obj3",
			"instance_id": 0,
			"visibility": 1,
			"location": [ -13, -5, 20 ],
			"quaternion_xyzw": [ 0, 0.70709997415542603, 0, 0.70709997415542603 ],
			"pose_transform": [
				[ 1, 0, 0, 0 ],
				[ 0, 0, -1, 0 ],
				[ 0, -1, 0, 0 ],
				[ -13, -5, 20, 1 ]
			],
			"cuboid_centroid": [ -13.015999794006348, -4.7543997764587402, 19.570400238037109 ],
			"projected_cuboid_centroid": [ 640, 360 ],
			"bounding_box":
			{
				"top_left": [ 360, 640 ],
				"bottom_right": [ 360, 640 ]
			},
			"cuboid": [
				[ -11.303400039672852, -6.6441998481750488, 18.204200744628906 ],
				[ -11.303400039672852, -6.6441998481750488, 20.936500549316406 ],
				[ -11.303400039672852, -2.8647000789642334, 20.936500549316406 ],
				[ -11.303400039672852, -2.8647000789642334, 18.204200744628906 ],
				[ -14.728599548339844, -6.6441998481750488, 18.204200744628906 ],
				[ -14.728599548339844, -6.6441998481750488, 20.936500549316406 ],
				[ -14.728599548339844, -2.8647000789642334, 20.936500549316406 ],
				[ -14.728599548339844, -2.8647000789642334, 18.204200744628906 ]
			],
			"projected_cuboid": [
				[ 640, 360 ],
				[ 640, 360 ],
				[ 640, 360 ],
				[ 640, 360 ],
				[ 640, 360 ],
				[ 640, 360 ],
				[ 640, 360 ],
				[ 640, 360 ]
			]
		}
	]
}