{
	"camera_data":
	{
		"location_worldframe": [ 0, 0, 0 ],
		"quaternion_xyzw_worldframe": [ 0, 0, 0, 1 ]
	},
	"objects": [
		{
			"class": "obj3",
			"instance_id": 0,
			"visibility": 1,
			"location": [ -7, -5, 20 ],
			"quaternion_xyzw": [ 0, 0.70709997415542603, 0, 0.70709997415542603 ],
			"pose_transform": [
				[ 1, 0, 0, 0 ],
				[ 0, 0, -1, 0 ],
				[ 0, -1, 0, 0 ],
				[ -7, -5, 20, 1 ]
			],
			"cuboid_centroid": [ -7.0159997940063477, -4.7543997764587402, 19.570400238037109 ],
			"projected_cuboid_centroid": [ 410.55911254882813, 204.51750183105469 ],
			"bounding_box":
			{
				"top_left": [ 135.58439636230469, 339.90850830078125 ],
				"bottom_right": [ 276.2760009765625, 478.54098510742188 ]
			},
			"cuboid": [
				[ -5.3034000396728516, -6.6441998481750488, 18.204200744628906 ],
				[ -5.3034000396728516, -6.6441998481750488, 20.936500549316406 ],
				[ -5.3034000396728516, -2.8647000789642334, 20.936500549316406 ],
				[ -5.3034000396728516, -2.8647000789642334, 18.204200744628906 ],
				[ -8.7285995483398438, -6.6441998481750488, 18.204200744628906 ],
				[ -8.7285995483398438, -6.6441998481750488, 20.936500549316406 ],
				[ -8.7285995483398438, -2.8647000789642334, 20.936500549316406 ],
				[ -8.7285995483398438, -2.8647000789642334, 18.204200744628906 ]
			],
			"projected_cuboid": [
				[ 453.54989624023438, 126.41169738769531 ],
				[ 477.88238525390625, 156.89599609375 ],
				[ 477.88238525390625, 272.43011474609375 ],
				[ 453.54989624023438, 259.2864990234375 ],
				[ 333.131103515625, 126.41169738769531 ],
				[ 373.1787109375, 156.89599609375 ],
				[ 373.1787109375, 272.43011474609375 ],
				[ 333.131103515625, 259.2864990234375 ]
			]
		}
	]
}