{
	"camera_data":
	{
		"location_worldframe": [ 0, -50, 0 ],
		"quaternion_xyzw_worldframe": [ 0, 0, 0.70709997415542603, 0.70709997415542603 ]
	},
	"objects": [
		{
			"class": "c-1-968318-1-a",
			"instance_id": 0,
			"visibility": 1,
			"location": [ 0, 0, 50 ],
			"quaternion_xyzw": [ 0, -0.70709997415542603, 0, 0.70709997415542603 ],
			"pose_transform": [
				[ -1, 0, 0, 0 ],
				[ 0, 0, 1, 0 ],
				[ 0, -1, 0, 0 ],
				[ 0, 0, 50, 1 ]
			],
			"cuboid_centroid": [ 0, 0.14759999513626099, 46.850399017333984 ],
			"projected_cuboid_centroid": [ 640.0001220703125, 362.88031005859375 ],
			"bounding_box":
			{
				"top_left": [ 332.41488647460938, 573.7135009765625 ],
				"bottom_right": [ 394.70260620117188, 706.28680419921875 ]
			},
			"cuboid": [
				[ -3.1693000793457031, -1.378000020980835, 50 ],
				[ -3.1693000793457031, -1.378000020980835, 43.700801849365234 ],
				[ -3.1693000793457031, 1.6732000112533569, 43.700801849365234 ],
				[ -3.1693000793457031, 1.6732000112533569, 50 ],
				[ 3.1693000793457031, -1.378000020980835, 50 ],
				[ 3.1693000793457031, -1.378000020980835, 43.700801849365234 ],
				[ 3.1693000793457031, 1.6732000112533569, 43.700801849365234 ],
				[ 3.1693000793457031, 1.6732000112533569, 50 ]
			],
			"projected_cuboid": [
				[ 582.0645751953125, 334.81069946289063 ],
				[ 573.7135009765625, 331.1796875 ],
				[ 573.7135009765625, 394.99600219726563 ],
				[ 582.0645751953125, 390.58709716796875 ],
				[ 697.935791015625, 334.81069946289063 ],
				[ 706.28680419921875, 331.1796875 ],
				[ 706.28680419921875, 394.99600219726563 ],
				[ 697.935791015625, 390.58709716796875 ]
			]
		}
	]
}