{
	"camera_data":
	{
		"location_worldframe": [ 0, 0, 0 ],
		"quaternion_xyzw_worldframe": [ 0, 0, 0, 1 ]
	},
	"objects": [
		{
			"class": "c-1-968318-1-a",
			"instance_id": 0,
			"visibility": 1,
			"location": [ 0, 0, 20 ],
			"quaternion_xyzw": [ 0, 0, 0, 1 ],
			"pose_transform": [
				[ 0, 0, 1, 0 ],
				[ 1, 0, 0, 0 ],
				[ 0, -1, 0, 0 ],
				[ 0, 0, 20, 1 ]
			],
			"cuboid_centroid": [ 0, 0, 20 ],
			"projected_cuboid_centroid": [ 640, 359.99771118164063 ],
			"bounding_box":
			{
				"top_left": [ 339.5802001953125, 628.27081298828125 ],
				"bottom_right": [ 380.4197998046875, 653.1270751953125 ]
			},
			"cuboid": [
				[ 0.1526000052690506, -0.31499999761581421, 20.316900253295898 ],
				[ -0.1526000052690506, -0.31499999761581421, 20.316900253295898 ],
				[ -0.1526000052690506, 0.31490001082420349, 20.316900253295898 ],
				[ 0.1526000052690506, 0.31490001082420349, 20.316900253295898 ],
				[ 0.1526000052690506, -0.31499999761581421, 19.683000564575195 ],
				[ -0.1526000052690506, -0.31499999761581421, 19.683000564575195 ],
				[ -0.1526000052690506, 0.31490001082420349, 19.683000564575195 ],
				[ 0.1526000052690506, 0.31490001082420349, 19.683000564575195 ]
			],
			"projected_cuboid": [
				[ 646.86517333984375, 345.82879638671875 ],
				[ 633.1348876953125, 345.82879638671875 ],
				[ 633.1348876953125, 374.16668701171875 ],
				[ 646.86517333984375, 374.16668701171875 ],
				[ 647.0863037109375, 345.37240600585938 ],
				[ 632.913818359375, 345.37240600585938 ],
				[ 632.913818359375, 374.62289428710938 ],
				[ 647.0863037109375, 374.62289428710938 ]
			]
		}
	]
}